task_id,subject_id,airway_id,generation,inner1,outer1,inner2,outer2
275,4,76,6,9.1317,27.191,7.7356,25.305
778,8,104,8,3.4867,18.623,2.5654,13.498
1354,18,43,6,4.83,17.848,5.161,16.451
426,5,56,7,2.8406,14.951,0.93857,9.0357
1420,18,116,6,4.7073,15.617,2.9099,11.935
13,1,28,5,2.9248,7.6628,2.2763,14.486
254,4,49,4,8.3387,28.324,9.0511,22.279
2098,28,29,5,3.8564,31.1,4.3043,24.48
2246,41,23,5,8.8012,23.279,9.0109,20.333
1970,25,113,9,1.3052,9.8773,1.8675,8.9309
1469,18,172,10,1.8852,8.5892,0.76646,7.7566
281,4,82,5,3.3536,15.862,3.5104,13.118
1022,11,119,8,3.8127,15.785,2.7161,11.668
1255,13,165,10,2.0258,8.5323,0.69632,6.7125
656,7,149,6,2.8379,9.6703,1.0961,8.7787
1433,18,131,8,3.4134,13.386,2.9863,13.05
911,10,148,8,2.1108,10.501,0.90081,12.89
979,11,68,6,4.3713,14.571,3.1226,13.018
1351,18,38,5,1.6621,7.5629,1.48,9.9481
2269,41,49,6,1.0386,8.8281,2.0918,13.855
1038,11,137,8,3.6549,10.552,1.2715,10.136
850,10,79,7,6.6474,21.003,5.1539,19.048
1939,25,77,7,1.2347,9.8773,1.1551,6.3029
2253,41,32,5,1.8265,9.8488,1.6972,10.103
34,1,52,6,2.9381,10.733,2.4475,17.721
2378,41,197,7,0.77895,6.5092,0.54405,4.5343
964,11,53,6,6.4962,18.214,4.6542,16.163
576,7,62,5,14.309,39.349,11.944,30.578
56,1,76,7,4.5262,13.036,3.3919,14.035
200,3,56,6,3.0652,12.84,2.6234,14.051
1964,25,107,8,1.9825,7.7607,1.7056,8.9278
1991,26,12,4,5.4975,27.796,5.0304,19.635
1424,18,120,7,1.8294,9.0465,0.94784,7.7309
345,4,159,7,0.71377,7.2397,0.94611,9.2124
2270,41,50,6,3.7694,18.802,3.5199,15.79
1376,18,68,6,4.3615,14.501,2.9234,13.147
2336,41,127,7,2.2294,11.639,2.1346,7.664
318,4,123,6,1.4389,9.2111,1.3431,9.0019
1542,19,124,7,1.5994,12.968,1.9208,9.8084
1134,13,20,4,7.1977,29.792,5.7765,19.165
1296,16,45,6,4.5873,15.136,3.3801,13.918
1055,12,8,3,5.7513,19.832,5.3369,13.416
537,7,16,4,11.924,39.349,12.508,34.89
531,6,83,10,3.1893,9.7086,2.3098,10.588
772,8,93,7,5.0903,21.727,5.4116,19.619
1773,21,35,5,4.2586,15.717,3.996,12.41
1363,18,52,6,0.54658,4.8858,1.271,7.1829
754,8,71,6,0.73458,8.8977,0.59257,5.8938
11,1,26,5,3.1366,13.235,3.2546,15.091
256,4,52,5,3.263,27.191,4.6639,24.543
1622,19,247,8,2.6541,14.697,1.9151,11.895
670,7,165,8,3.2552,10.779,2.0077,8.9745
2275,41,55,6,3.3844,14.326,3.2768,11.148
1145,13,34,5,1.7637,14.3,1.3543,9.076
358,4,174,8,1.3709,9.8002,0.91654,7.7405
1920,25,56,6,1.0301,4.9668,0.77154,4.5497
2000,26,26,5,13.574,33.973,12.767,30.395
664,7,157,8,3.5652,14.309,2.4513,9.6606
1333,18,17,4,9.08,26.771,9.3427,21.464
1252,13,162,9,2.3714,14.3,2.1292,12.389
1097,12,62,6,2.0516,10.258,1.4952,6.8632
206,3,62,6,3.2216,13.887,2.8789,14.36
188,3,41,5,7.0845,28.15,6.8963,25.514
661,7,154,7,4.3403,13.116,3.6743,12.196
995,11,87,7,6.8362,25.499,6.1582,17.351
120,2,66,7,1.169,8.2048,0.71608,7.9549
1179,13,72,5,1.2274,9.6525,0.66232,8.4818
2306,41,87,7,0.76104,6.5181,1.7329,6.7999
951,11,35,5,6.3747,20.642,5.3169,17.594
1473,18,177,10,0.937,5.8228,0.45819,5.1939
65,1,90,8,2.8851,7.901,1.3254,8.5662
1567,19,166,7,1.8155,10.374,1.6811,8.1777
1956,25,99,7,0.83957,4.5506,0.82376,4.7973
1033,11,132,8,6.3869,21.856,6.4503,18.404
31,1,49,6,4.9365,15.881,4.1057,14.992
268,4,68,7,2.8664,15.862,2.6458,13.476
50,1,69,6,2.8587,9.3039,1.314,9.6931
1551,19,144,7,10.374,31.123,10.129,23.14
1409,18,103,6,4.7073,15.617,2.9099,11.935
1078,12,41,5,5.1221,17.097,4.1209,12.5
1504,19,65,6,2.6368,12.104,2.5855,10.34
2215,28,175,9,1.6483,8.4591,0.87734,6.0593
421,5,49,7,3.2464,20.29,4.2241,17.729
221,3,80,6,2.3928,14.419,2.7697,14.655
1500,19,58,6,3.7175,18.155,4.8841,16.418
1789,21,59,6,1.3322,8.2328,1.0105,6.8045
235,4,24,4,8.0214,38.521,9.7861,28.768
460,5,108,9,3.3318,11.747,2.8792,13.484
1136,13,22,5,2.7289,21.45,2.5073,11.915
1442,18,140,9,3.0006,10.34,2.0714,9.0824
285,4,86,6,5.8688,20.393,7.1053,19.179
326,4,133,7,6.1067,23.792,5.7798,20.235
1996,26,18,4,3.8452,13.929,2.0288,10.334
1814,21,96,9,0.94303,6.9979,0.69262,4.6239
1151,13,41,5,3.7657,21.45,2.4713,13.568
2061,27,65,7,4.5061,14.273,4.441,12.164
642,7,134,7,6.3793,19.078,5.7966,15.595
1461,18,162,9,3.0006,10.34,2.0714,9.0824
18,1,34,5,3.9704,18.528,4.14,15.466
2235,28,203,10,1.4306,10.325,1.228,7.2027
321,4,126,7,3.9994,16.995,3.8113,15.106
2008,26,38,6,1.1582,8.864,0.91291,5.7917
2199,28,152,9,1.7105,11.403,1.7484,8.9449
1129,12,107,10,3.3372,14.361,3.3412,11.327
643,7,135,7,3.7441,11.53,3.2559,12.338
1489,19,41,5,8.5071,23.343,8.9492,22.343
746,8,61,6,2.1003,13.45,1.1706,7.6781
1328,17,38,7,2.5666,23.485,2.8718,20.028
252,4,45,5,1.8694,18.128,2.0093,13.993
864,10,95,7,2.3313,19.953,2.5087,13.653
1588,19,188,8,1.5648,10.374,0.66413,10.653
1517,19,88,6,1.5389,14.697,1.4751,11.875
1904,25,40,6,2.9138,11.994,3.247,12.101
566,7,52,6,4.7815,11.924,3.5041,11.83
1031,11,128,8,9.5075,19.428,7.3373,23.714
436,5,77,8,9.8887,26.697,9.8494,24.578
2003,26,30,6,1.745,6.841,1.1753,7.502
2225,28,188,10,2.094,8.3762,1.0851,8.69
434,5,73,8,1.3349,7.0267,0.71345,12.013
2214,28,174,9,1.3062,6.2718,0.80366,5.3543
134,2,81,6,2.2731,8.0424,0.72059,9.5383
845,10,73,6,2.9089,12.602,2.174,10.858
925,10,167,10,1.0081,7.75,0.82604,7.275
781,8,109,8,1.4588,8.8356,1.2302,8.2061
2054,27,55,6,2.2768,6.7966,1.655,6.9445
622,7,114,6,7.3451,25.04,4.5577,14.3
1657,19,318,9,7.02,20.749,6.2024,18.03
276,4,77,6,5.8688,20.393,7.1053,19.179
1530,19,105,7,2.706,13.833,1.8724,10.617
618,7,110,6,3.0406,13.116,2.6659,10.29
673,7,168,8,4.4476,13.116,4.0522,12.236
55,1,75,7,1.7602,6.8158,1.0933,7.4251
929,10,171,11,2.7724,10.344,1.6572,10.543
1974,25,119,10,0.82546,6.2438,0.60516,5.3424
2282,41,62,6,1.0117,11.639,1.3241,8.7101
1980,25,125,9,1.3052,9.8773,1.8675,8.9309
1590,19,192,8,4.9797,16.426,5.2576,20.441
2314,41,97,7,1.2266,7.4403,0.96564,5.5634
590,7,77,6,4.4357,15.501,3.3049,12.226
2016,26,47,8,3.49,13.682,2.0869,9.7781
1341,18,26,5,3.0564,10.296,1.7968,8.6414
2050,27,50,6,4.3566,14.952,3.8275,12.751
2111,28,46,5,5.629,19.696,5.0628,15.846
295,4,97,6,2.5605,8.8032,1.5373,11.142
1165,13,57,6,3.9087,16.683,3.5195,13.392
893,10,129,9,4.4211,15.752,3.1548,13.71
833,10,61,6,1.6907,13.652,1.3726,9.6547
1293,16,40,6,3.7723,17.464,2.2696,11.101
69,1,96,8,3.3351,15.881,2.4319,15.794
718,8,25,4,3.8798,18.623,3.7702,16.559
1624,19,249,8,4.1238,18.155,3.3796,14.666
1577,19,177,8,1.1844,8.2218,1.1126,7.7586
1448,18,148,6,2.0748,5.9009,1.3931,9.3714
1737,19,460,11,0.89047,9.5099,0.8097,6.4926
415,5,41,6,3.2891,22.426,2.9312,15.194
1595,19,197,8,1.0634,5.533,2.1987,11.661
159,2,118,9,2.8793,15.154,2.4509,13.247
1966,25,109,8,5.3267,19.755,6.2223,17.02
2363,41,169,10,1.0476,8.9535,0.91433,6.0884
1525,19,98,7,2.1613,17.291,3.0913,12.185
1262,13,174,11,2.574,11.917,1.6714,9.1346
1486,19,38,5,6.1642,19.884,5.856,15.952
2296,41,77,7,3.277,14.326,3.4936,11.086
2006,26,36,6,3.1039,12.941,1.543,9.2919
551,7,34,5,8.5614,28.617,6.7371,24.92
623,7,115,7,2.7306,8.5375,1.6411,7.3367
153,2,110,7,3.5612,11.907,2.3318,11.042
1221,13,126,7,1.5134,9.5929,1.0644,8.0435
113,2,59,5,9.6011,34.638,9.3814,28.192
1933,25,69,6,1.8485,9.1717,1.6848,8.4359
202,3,58,6,3.6126,14.935,3.1347,13.527
874,10,107,7,1.9848,6.9834,1.1427,8.7644
452,5,97,9,1.5484,6.7171,0.81349,7.7693
1143,13,31,5,6.0298,19.067,5.0222,16.5
2028,27,26,4,14.952,34.662,14.224,25.972
725,8,35,5,1.1588,7.6458,1.2193,7.0839
1371,18,62,6,3.3687,12.27,2.7539,12.934
1638,19,270,9,3.8818,19.884,3.2857,12.348
462,5,110,9,1.5484,6.7171,0.81349,7.7693
774,8,98,7,0.807,11.381,0.35637,4.6157
540,7,19,4,8.2275,26.233,6.1231,18.465
111,2,57,5,2.9009,10.813,2.2349,10.967
999,11,91,7,2.2828,9.2646,1.7501,8.8142
666,7,159,7,1.3593,4.4238,1.4616,10.649
121,2,67,7,4.0699,23.813,2.0488,10.014
442,5,85,8,3.0008,14.951,2.369,11.176
2161,28,105,7,5.0278,10.253,1.3495,7.9767
213,3,72,6,2.3928,14.419,2.7697,14.655
799,10,21,4,3.1189,16.802,2.678,14.722
552,7,35,5,7.0947,26.233,6.5227,25.367
247,4,40,6,6.0161,22.659,6.0647,20.345
1855,23,55,7,4.5516,13.139,3.1896,11.506
181,3,32,5,3.9567,17.203,2.8224,12.111
384,4,210,10,1.1783,15.862,1.0873,10.865
194,3,49,6,1.9549,12.292,7.3185,22.33
1396,18,89,7,2.1306,10.798,1.248,8.3018
612,7,102,6,7.2617,25.04,5.9369,16.192
2274,41,54,6,1.4594,13.43,1.5452,9.3492
1838,23,31,5,4.8613,14.077,3.2489,11.311
2017,26,48,9,3.0885,11.041,1.8034,10.054
1781,21,45,5,0.87567,5.6731,0.63904,5.0886
631,7,123,8,1.5382,6.1289,1.5652,12.584
875,10,108,7,2.3733,10.186,1.1985,8.2159
443,5,86,7,2.3173,13.883,1.6705,10.357
1256,13,168,10,4.2542,20.258,4.1187,14.908
1895,25,24,5,4.7058,18.343,4.9875,13.66
2247,41,24,5,2.5428,16.116,3.2715,12.929
280,4,81,5,7.0924,33.989,8.201,26.811
1913,25,49,6,2.3705,9.8773,2.2824,8.0385
645,7,137,7,3.3625,11.924,2.5337,9.9132
1191,13,86,7,3.5631,19.067,2.3141,11.721
2257,41,36,5,3.4202,20.593,3.5244,14.492
371,4,191,10,0.98568,9.5623,0.92952,7.8735
1101,12,71,7,2.5918,10.258,2.0848,7.6284
400,5,22,5,5.8307,25.629,11.421,26.84
1754,21,12,3,8.9812,26.195,8.9157,22.836
589,7,76,6,1.9436,11.924,1.8512,9.7033
1854,23,54,7,5.34,14.077,4.1582,13.29
1126,12,104,10,1.7233,9.5741,1.2048,5.8757
1558,19,151,7,2.4034,12.968,2.0958,9.761
2193,28,145,8,5.0278,15.55,3.9887,13.536
1282,16,29,5,3.912,12.807,2.508,14.037
1287,16,34,5,3.7839,10.839,2.2538,11.247
1096,12,61,6,2.3046,8.2063,1.4314,7.2929
694,7,191,7,6.1766,15.501,5.1275,15.492
266,4,65,7,4.5545,22.659,4.6343,14.078
2188,28,138,8,2.0111,9.7549,0.89915,7.8694
352,4,168,7,1.6655,15.862,1.6313,10.317
1346,18,33,5,6.7932,23.425,6.2374,19.196
1836,23,29,5,4.4953,15.954,4.3203,13.565
41,1,60,6,1.522,8.4172,1.125,8.2025
1709,19,406,9,2.6109,11.239,1.02,7.0944
514,6,65,7,2.4272,9.6735,1.244,7.1852
721,8,30,5,2.7004,9.2909,2.0047,10.337
2081,27,89,8,2.6439,9.5152,1.6345,7.9917
825,10,52,6,12.602,36.755,12.524,33.094
1301,16,50,6,2.8525,12.807,1.8144,11.266
22,1,38,5,3.666,12.467,3.045,13.868
1428,18,126,7,1.6844,7.5741,0.97702,6.623
2113,28,48,5,0.88116,11.403,1.752,9.5112
1212,13,114,7,1.5372,5.0765,1.6965,12.986
2307,41,88,7,1.2714,9.8488,1.2145,7.733
570,7,56,5,8.1321,28.617,6.7444,24.217
1658,19,319,9,1.6945,12.968,1.4228,9.09
182,3,34,5,4.9732,17.203,4.0639,16.718
1763,21,23,5,1.3622,11.227,1.4746,6.4368
2289,41,69,6,1.352,5.963,1.0299,5.4995
1898,25,30,5,2.9138,12.699,2.6559,9.3481
1635,19,266,9,2.1613,9.5099,2.7025,9.6326
274,4,75,5,7.0924,33.989,8.201,26.811
1877,24,37,6,2.4511,9.7072,2.5104,8.3836
2254,41,33,5,1.8802,8.9535,2.53,8.8349
585,7,72,5,17.886,48.888,16.641,36.628
157,2,116,7,1.537,8.1398,0.69461,7.8981
380,4,204,11,2.2999,18.128,2.8891,14.145
2106,28,40,5,3.0478,14.513,3.1939,12.997
730,8,43,5,3.8177,16.554,4.5293,16.893
1181,13,74,6,0.70308,7.8769,0.36923,5.9561
1170,13,63,6,1.2989,13.108,0.86076,8.6376
720,8,27,5,11.381,35.177,9.8213,34.227
1425,18,121,7,6.4474,17.848,6.2159,17.767
1311,17,15,4,7.314,35.228,6.9846,36.73
767,8,85,7,1.4899,8.0183,0.94248,10.08
1571,19,171,8,8.1094,23.343,7.5049,18.765
356,4,172,8,3.9994,15.862,2.9532,13.107
1907,25,43,6,16.932,38.804,15.24,31.508
947,11,31,5,2.2949,10.637,2.4078,14.564
265,4,64,7,2.9457,15.862,3.1757,13.292
1250,13,158,9,2.0973,11.845,1.4561,9.3558
1772,21,34,5,2.5372,11.227,2.5126,10.429
1178,13,71,6,1.7756,11.13,1.471,8.1875
1912,25,48,6,1.1359,6.4484,0.96774,5.6856
873,10,105,8,2.1318,19.953,2.0319,16.682
788,8,117,10,1.4692,12.415,1.1079,8.0764
299,4,102,8,15.862,37.388,14.415,30.976
141,2,90,7,3.3988,16.236,1.3233,11.645
983,11,72,6,4.007,13.357,2.0833,11.679
1232,13,139,8,4.3377,17.875,4.0959,15.32
1858,24,9,4,4.9264,19.414,5.0251,14.014
493,6,41,6,2.99,14.07,2.8445,12.534
2093,28,24,4,5.1003,19.696,5.6255,16.78
665,7,158,8,2.8856,7.4167,2.2687,10.255
679,7,174,8,4.8411,13.116,3.9679,12.361
1081,12,44,6,2.7628,8.8902,2.2522,9.2648
236,4,25,4,13.596,64.579,13.88,40.549
762,8,79,6,1.7795,8.1321,1.4609,7.9922
629,7,121,6,2.671,11.733,2.6311,9.9512
835,10,63,6,1.1762,10.312,1.2624,7.7962
881,10,114,8,4.022,15.752,2.8673,14.514
385,4,211,10,0.98568,9.5623,0.92952,7.8735
962,11,51,6,4.9419,14.571,3.0731,13.271
183,3,35,5,10.791,34.406,11.265,31.233
251,4,44,5,4.1807,22.659,3.9958,19.144
1777,21,40,5,2.2528,9.7296,1.8176,8.451
2023,27,17,4,12.234,33.303,13.045,24.556
787,8,116,9,7.1906,27.935,6.7683,18.793
768,8,86,7,3.9005,14.485,3.3751,12.728
559,7,45,6,5.6042,19.078,5.0512,15.193
195,3,50,6,2.424,13.168,1.1614,9.1293
1521,19,94,7,4.9192,19.884,4.697,15
2292,41,73,5,6.4913,17.907,6.3991,16.766
1717,19,425,11,1.5475,6.3544,1.0202,12.552
1509,19,75,6,2.0922,12.104,1.3878,9.6651
2027,27,25,4,3.6226,14.273,3.2697,12.772
935,11,18,4,12.13,33.999,11.207,27.599
2190,28,142,9,2.3117,9.9,1.4983,8.7519
804,10,26,5,4.3791,21.003,4.3802,15.991
806,10,28,5,1.7222,11.551,1.0131,9.6096
1391,18,84,7,1.1266,8.1876,1.0218,7.7991
516,6,67,7,12.898,32.831,11.551,26.193
101,2,47,5,2.5978,8.2806,0.95054,7.1987
2340,41,132,9,4.0111,17.907,3.918,14.966
1112,12,88,10,1.8396,10.258,1.6324,8.867
1245,13,152,9,2.4548,14.3,2.1452,10.996
2195,28,147,8,0.92262,7.9408,0.80074,5.6703
1984,25,129,9,2.6669,10.583,1.9919,7.9008
1487,19,39,5,11.239,35.446,11.773,30.5
2164,28,108,7,4.5302,16.586,4.3677,13.144
160,2,119,9,1.9484,10.824,2.0129,11.706
369,4,189,7,1.2916,8.2254,0.89936,6.7972
1248,13,155,8,2.431,9.5333,0.71024,8.7361
1900,25,33,5,9.1717,21.871,8.8383,22.885
797,10,17,4,2.2998,9.7138,1.6037,9.9772
1798,21,72,7,3.368,14.22,3.7897,7.9784
91,2,33,4,3.8859,17.319,3.4189,14.204
1686,19,369,10,3.7867,13.833,3.5609,11.788
1478,19,21,4,7.0287,45.82,9.1597,29.811
1394,18,87,6,3.0564,10.452,2.1832,10.868
1488,19,40,5,5.8529,23.343,6.1377,18.677
1792,21,62,6,1.9983,9.7296,1.6565,8.0873
988,11,77,6,2.6713,8.4754,1.3655,8.4424
1788,21,58,6,1.669,12.723,1.7933,9.3165
44,1,63,6,1.2705,13.235,2.4272,12.681
1479,19,25,4,12.104,38.904,12.43,30.229
632,7,124,8,2.6352,8.6687,1.6609,9.168
2124,28,59,5,2.8508,13.477,3.0779,11.502
871,10,102,7,2.3628,22.053,2.5493,15.984
1453,18,154,8,1.6621,8.1653,1.2541,7.9359
770,8,90,7,1.0553,9.3219,0.73934,5.4046
2037,27,37,5,4.5333,17.671,4.276,15.116
578,7,64,6,2.3013,7.9055,1.5617,8.762
37,1,56,6,1.7073,8.9466,1.2469,9.2757
977,11,66,6,3.5456,12.142,1.7597,11.481
1457,18,158,9,1.082,6.1909,0.58746,6.9766
1963,25,106,8,3.0831,9.1717,2.1965,8.7567
1385,18,77,6,4.4173,16.732,4.0482,14.262
604,7,94,7,3.3745,13.116,2.4813,10.577
1260,13,172,8,3.3009,10.761,1.6453,11.413
476,6,18,5,7.5981,24.623,7.5667,20.786
351,4,166,8,3.4556,21.526,2.1015,14.361
509,6,60,7,3.3066,12.898,3.1194,12.398
1637,19,269,9,5.1786,16.426,4.6425,14.109
2364,41,170,10,1.1908,7.7985,0.7653,5.5244
1400,18,93,7,2.0971,9.6712,1.0292,7.0809
1001,11,93,7,1.7971,11.827,0.95793,8.9398
837,10,65,6,4.4316,28.354,4.8653,22.276
1048,11,155,8,4.7234,15.785,2.9367,13.333
131,2,78,7,0.90924,6.592,0.65087,6.5743
474,6,16,4,4.4322,17.588,2.8618,12.844
1480,19,31,5,8.6454,30.259,8.8924,23.378
944,11,28,5,8.0018,31.57,7.981,24.671
1123,12,100,10,2.2636,9.5741,1.3009,7.0175
1918,25,54,6,5.8911,16.932,5.1479,13.704
437,5,78,8,2.3707,11.747,1.7752,9.4875
1184,13,78,7,0.77458,4.3257,0.80059,7.1123
308,4,112,8,1.8581,9.5056,1.4362,9.1975
1890,25,17,4,7.7607,27.515,8.2056,19.679
1321,17,29,6,2.2311,15.416,2.0189,15.196
855,10,86,7,5.0932,17.852,2.8601,12.657
1193,13,88,6,1.6564,10.141,1.5895,9.5835
342,4,156,10,7.8515,26.058,9.3688,25.91
197,3,52,6,3.5344,17.203,3.489,15.541
302,4,105,8,5.2343,15.862,2.5037,12.726
648,7,140,7,9.0502,23.848,7.4659,18.378
1241,13,148,9,2.3714,14.3,2.1292,12.389
1115,12,91,7,4.7186,12.31,3.4235,11.692
1882,24,46,6,9.7072,23.459,7.8078,18.645
2143,28,84,6,0.75676,5.1729,0.85826,5.7618
303,4,106,8,1.5522,7.7722,1.5918,9.5841
1888,25,15,4,8.4662,23.988,8.1533,18.424
339,4,152,7,1.6655,15.862,1.6313,10.317
1246,13,153,9,2.0377,11.214,1.9095,9.6325
1497,19,54,6,1.7723,11.239,2.2233,9.806
1641,19,276,8,3.536,16.426,3.2432,13.926
1561,19,158,7,1.1153,7.6252,0.86738,8.8155
868,10,99,7,2.6358,12.602,1.7862,9.9535
1073,12,36,5,2.4072,10.258,2.3738,9.3832
210,3,68,7,3.8003,13.403,3.5704,16.172
1477,19,20,4,11.239,35.446,12.243,31.043
1676,19,352,10,4.9365,17.291,5.1119,16.898
313,4,117,8,1.5975,11.194,1.1484,7.7426
1568,19,167,7,3.3198,14.697,3.7923,13.36
897,10,133,8,4.3476,16.802,2.8114,11.568
1093,12,57,6,2.3046,8.2063,1.4314,7.2929
211,3,69,7,3.8159,17.203,3.5458,13.916
461,5,109,9,2.7765,12.815,2.6114,12.207
1875,24,35,6,5.6221,18.605,5.6643,17.514
2217,28,177,9,1.8867,7.9822,1.0223,6.4689
12,1,27,5,8.6289,25.146,8.2086,23.295
542,7,21,5,6.6535,23.848,6.8639,19.469
1434,18,132,8,2.1529,7.5406,1.5398,8.4484
163,2,124,10,2.6628,10.11,1.8804,10.627
1627,19,253,8,6.5359,22.478,6.2115,17.766
749,8,66,6,2.1003,13.45,1.1706,7.6781
652,7,145,8,1.6932,8.5614,0.77566,6.1457
546,7,29,5,6.272,28.617,6.8984,21.174
39,1,58,6,3.0042,14.558,1.9631,10.359
184,3,36,5,9.9777,29.714,10.501,28.543
459,5,107,10,1.3562,6.1511,0.99285,8.061
1767,21,29,5,1.5268,9.7296,1.777,7.6289
2322,41,109,8,1.8534,8.273,1.7127,8.0603
286,4,87,5,4.9624,28.324,6.1131,19.716
1069,12,32,5,1.6618,6.0453,0.74078,5.1304
1026,11,123,8,9.0704,25.499,7.5752,20.765
1815,21,97,9,1.2723,6.2719,0.41828,4.7809
1929,25,65,6,4.085,11.288,4.162,13.756
144,2,93,7,1.5479,9.5145,0.81991,6.8849
520,6,72,8,10.553,26.968,10.983,25.312
561,7,47,6,3.601,13.116,2.4205,9.7613
926,10,168,10,3.0559,10.501,2.2544,12.318
1660,19,321,9,1.4006,6.8644,0.74378,6.5866
1702,19,396,10,1.8847,11.239,1.5728,11.411
2091,28,22,4,8.2829,29.026,8.4433,22.584
1199,13,95,6,2.2761,10.725,1.3687,8.8579
1605,19,213,8,5.8875,21.613,4.3387,14.084
596,7,84,7,2.6233,11.185,1.7344,8.1429
1510,19,76,6,13.833,37.175,13.598,28.655
392,4,227,8,2.13,11.33,1.9285,14.295
2,1,13,4,8.6289,25.146,11.391,27.362
1395,18,88,7,1.6063,8.2657,1.6541,8.9459
717,8,23,4,7.0147,22.762,7.2938,20.815
733,8,46,5,2.1624,14.485,1.6952,9.5274
1339,18,24,5,7.1614,22.31,6.0284,18.39
1976,25,121,9,3.3159,12.699,3.1546,10.265
417,5,43,6,2.7445,14.951,3.6562,16.197
307,4,111,7,4.3619,20.393,5.2684,18.638
1421,18,117,6,3.3353,10.285,2.0999,10.27
1465,18,166,8,1.7625,5.8451,0.88252,10.122
484,6,30,5,3.8108,14.07,2.9991,13.372
35,1,53,6,12.507,33.086,11.924,27.026
1402,18,95,7,7.6968,23.425,7.3831,19.941
2368,41,177,8,1.0655,7.7895,0.75088,5.6034
1940,25,78,7,1.3828,9.1717,1.1663,7.3659
130,2,77,7,1.2123,8.6053,1.0184,11.746
975,11,64,6,2.0885,12.142,1.2416,8.3184
282,4,83,6,9.1317,27.191,7.7356,25.305
587,7,74,7,2.3967,9.9565,1.7241,7.5779
2174,28,118,6,1.2544,7.4432,0.78828,6.6969
1482,19,34,5,10.374,29.394,9.2061,22.051
2136,28,76,6,8.7079,25.916,8.9519,20.494
1017,11,113,7,3.3756,15.785,2.4554,12.355
1744,19,483,12,2.4726,10.374,2.8882,12.807
2085,28,6,3,6.2199,23.843,7.9798,24.55
877,10,110,8,3.8015,15.752,2.8694,11.556
1653,19,306,9,3.8299,14.697,3.0346,14.339
2135,28,75,6,3.8667,14.513,3.4818,12.382
458,5,106,10,3.6095,20.29,4.5363,15.148
1743,19,482,13,1.8674,8.6454,1.8529,10.51
338,4,148,8,1.6088,12.463,1.2954,9.3993
1867,24,24,5,2.9122,10.516,2.1477,11.911
1230,13,137,8,1.8352,7.9007,0.94563,7.4779
1393,18,86,6,2.8445,13.386,2.6587,11.614
1586,19,186,8,1.3573,7.3486,1.3442,7.273
2001,26,27,5,15.442,38.606,12.467,30.046
891,10,126,9,2.4468,19.953,2.733,13.361
1306,16,55,8,1.9793,8.6157,1.2412,9.1129
1654,19,307,8,2.4899,10.374,1.1946,11.991
1574,19,174,8,5.9048,16.426,5.6336,14.955
152,2,109,8,2.0566,10.824,2.1826,13.86
1190,13,85,7,3.9206,16.683,3.0551,13.911
560,7,46,6,4.3999,15.501,3.2268,12.455
2078,27,86,7,1.271,5.3965,0.35436,5.0716
579,7,65,6,5.5685,16.693,4.8082,15.244
2349,41,142,7,1.352,8.5505,1.1489,7.1259
177,3,27,5,5.0357,25.022,5.0807,22.652
2204,28,162,9,2.177,8.6146,1.3951,9.51
2150,28,91,7,2.2288,10.367,1.8904,8.0796
1034,11,133,8,4.8205,18.214,3.7675,14.784
880,10,113,8,5.4712,16.802,5.0532,20.903
1565,19,163,7,1.5648,11.239,1.8633,9.9154
63,1,88,7,6.0085,18.528,4.4606,16.2
1583,19,183,8,2.1354,9.5099,1.4539,7.7195
2324,41,112,8,6.7957,22.384,6.7507,16.996
1291,16,38,5,5.5187,23.286,4.7745,16.697
602,7,92,7,2.9094,8.5971,1.9265,8.7355
2375,41,191,12,0.91325,6.9747,0.69469,5.7903
1625,19,250,8,8.0575,23.343,7.7575,20.103
2365,41,171,8,2.1936,10.744,2.5455,8.7691
1418,18,114,7,1.9186,8.1653,0.58637,6.9288
2084,27,94,8,1.2302,6.7966,0.9442,5.9504
2326,41,114,7,2.2473,8.8102,0.87968,6.9053
1460,18,161,9,3.7703,14.501,3.3065,11.939
2097,28,28,5,6.8523,24.88,6.0726,20.679
1121,12,98,7,1.6481,7.5225,1.6777,7.119
4,1,17,4,2.8984,14.558,2.307,11.18
2359,41,158,8,1.0655,7.7895,0.75088,5.6034
727,8,37,5,3.9626,15.519,0.89048,6.3412
2059,27,62,6,2.4332,9.5152,1.7604,8.2425
264,4,63,7,4.8831,21.526,4.4828,14.9
117,2,63,7,2.6195,14.072,2.2415,10.045
2355,41,151,9,1.8713,8.7744,1.479,6.7187
1327,17,37,7,2.5666,23.485,5.4791,52.278
2348,41,141,9,1.8265,11.639,1.9627,8.241
683,7,178,8,3.0406,14.309,2.8361,12.555
1176,13,69,6,0.89375,8.7111,0.61421,6.2913
1023,11,120,8,1.8214,9.3982,1.0396,11.351
1274,16,20,4,2.2238,8.3945,2.2036,11.041
1051,11,161,10,2.3799,7.1883,1.7307,9.8214
611,7,101,6,3.9707,14.309,3.5688,12.364
1656,19,309,9,2.2997,8.6454,1.5879,7.9339
1905,25,41,6,2.3353,14.11,2.8639,9.9046
783,8,111,8,0.65181,4.3454,0.72292,4.7716
396,5,18,4,1.8902,13.883,1.6645,11.346
1859,24,10,4,8.8982,23.459,8.6552,21.17
1220,13,125,8,2.2046,11.214,1.184,7.9208
2119,28,54,6,4.9448,17.623,4.2336,12.572
435,5,74,8,4.4852,18.154,2.5633,12.821
1228,13,134,7,2.5859,9.9027,2.4928,11.037
2376,41,192,10,1.2445,7.2881,0.68998,8.2465
1513,19,80,6,8.6454,25.936,8.9854,21.656
2331,41,121,9,1.8265,11.639,1.9627,8.241
2140,28,81,6,1.8141,8.6146,0.8314,5.9958
811,10,36,5,6.8889,33.604,6.6801,22.974
312,4,116,7,3.9994,16.995,3.8113,15.106
1817,21,100,9,1.1077,8.2328,1.2781,7.4564
2361,41,166,10,2.1488,10.744,4.1568,9.6946
1269,16,12,4,6.0892,26.778,5.9379,17.696
76,1,105,10,5.6644,15.881,4.9564,14.295
1738,19,463,11,1.7896,12.104,2.0469,9.6698
1540,19,122,7,0.95964,9.5099,0.95706,6.2052
2196,28,148,8,1.8971,10.367,2.6008,9.9496
2145,28,86,6,0.91226,6.9456,0.88325,5.954
1314,17,18,5,3.9757,25.163,2.8872,18.5
1690,19,373,10,1.4784,9.5099,1.446,8.7101
1344,18,31,5,4.9862,15.617,4.7691,17.228
1889,25,16,4,7.7607,21.871,7.4117,18.969
1377,18,69,6,3.8819,12.27,3.4457,13.797
1783,21,49,6,1.2125,7.1999,0.84962,6.0289
87,2,27,5,4.0483,18.401,3.3972,17.07
466,5,114,11,2.029,11.747,1.7056,9.3245
106,2,52,6,2.1973,8.1507,2.2021,12.713
633,7,125,8,1.8482,6.2362,1.1805,8.578
813,10,39,5,9.9658,34.654,10.597,28.313
1006,11,99,7,2.9385,11.22,1.8925,10.727
1985,25,130,10,0.82546,6.2438,0.60516,5.3424
49,1,68,6,3.3086,10.985,3.0206,12.486
1787,21,56,6,1.1676,6.7509,0.76802,5.6664
1899,25,31,5,2.3,11.994,2.4049,9.1281
1752,21,10,3,8.2328,31.434,9.1408,25.609
1965,25,108,8,5.6653,18.343,6.0543,15.151
1077,12,40,5,9.5741,28.038,9.1076,23.101
225,3,86,9,3.1747,15.295,2.5449,15.355
1381,18,73,6,4.1607,15.617,3.926,12.983
1823,23,16,4,3.6976,13.139,3.3279,13.309
630,7,122,8,3.2195,13.116,2.5767,11.539
2251,41,29,5,15.221,43.872,10.97,26.971
250,4,43,6,9.2564,41.92,7.3212,30.687
1280,16,26,5,6.1008,22.121,5.6808,20.12
2228,28,192,10,3.5868,14.513,2.5078,10.249
2178,28,122,7,1.5964,9.2884,1.2344,7.7695
170,3,14,4,5.9741,25.022,4.1098,15.986
174,3,22,5,3.3311,11.776,2.791,19.445
2115,28,50,5,1.9282,8.8116,1.5836,8.1999
1045,11,149,8,15.785,37.641,17.082,34.595
2276,41,56,6,2.5428,8.855,1.7869,8.6287
682,7,177,8,2.2894,10.314,2.9286,10.544
904,10,141,9,2.5203,21.003,1.9312,14.219
1701,19,395,10,2.4639,8.1785,1.9662,8.4726
393,4,229,14,1.8128,10.605,1.0364,7.8458
72,1,101,9,2.1705,9.3701,1.0763,7.7365
2049,27,49,6,5.7159,16.312,5.6285,14.144
1451,18,152,8,4.83,12.27,3.4416,12.247
940,11,24,5,7.6133,24.285,5.6897,17.326
634,7,126,8,5.95,20.271,5.1868,15.377
93,2,35,4,3.3555,14.072,2.6854,12.422
1779,21,43,5,1.6989,8.9812,0.36945,5.6973
1265,16,8,3,9.3725,27.943,8.4974,29.728
1219,13,124,8,2.0735,13.108,0.7975,8.1737
2258,41,37,5,5.4527,17.907,4.7494,13.962
1392,18,85,7,5.5104,21.194,5.3002,16.005
916,10,154,9,2.2263,8.7686,3.1508,9.3351
1052,11,162,10,3.7763,12.142,2.9131,12.485
2194,28,146,8,3.2136,13.477,2.489,10.651
557,7,41,5,3.2433,10.565,2.3873,11.469
1043,11,147,9,3.2663,9.2161,2.2078,12.464
1646,19,290,9,1.7982,12.104,2.4363,11.894
1431,18,129,7,2.3313,6.9829,1.5739,9.7055
1896,25,25,5,2.0742,10.583,1.6407,8.5128
2187,28,137,8,1.6897,10.128,0.8101,6.2587
1471,18,174,9,1.6286,6.8936,0.62203,6.0695
73,1,102,9,2.0249,9.5156,5.3749,15.659
1226,13,132,7,1.2989,6.9355,0.55014,7.5885
1015,11,111,7,5.3184,15.785,4.1621,15.128
2024,27,19,4,6.7966,21.749,6.5193,17.06
1286,16,33,5,3.6209,9.2793,1.6097,9.5808
2075,27,81,7,0.95832,4.5265,0.36561,5.2082
1765,21,25,5,3.6673,15.717,3.061,12.675
535,7,14,4,7.9652,28.617,6.8383,21.496
97,2,41,6,0.81182,8.0641,0.59523,6.4045
1729,19,446,13,1.4178,8.5157,0.60411,7.3308
355,4,171,8,3.2403,18.128,2.4624,13.111
739,8,52,5,1.8106,10.305,1.9004,9.9478
1785,21,51,6,11.227,32.183,8.5938,23.429
135,2,82,5,2.3164,11.907,0.99308,9.516
1075,12,38,5,2.1747,10.942,2.4559,9.7737
684,7,179,8,5.2107,16.693,4.3026,14.109
1454,18,155,7,1.8517,10.787,1.6431,9.5131
1562,19,159,7,3.3717,13.833,2.243,12.89
1841,23,38,5,8.6247,20.647,7.5537,18.86
1589,19,189,8,1.8933,12.104,1.6425,9.6361
517,6,68,7,4.0922,12.898,3.404,12.248
1758,21,18,4,7.2972,22.453,5.2075,15.192
1835,23,28,5,1.4828,14.077,2.2102,11.464
655,7,148,6,2.8856,9.2172,1.4592,8.5248
1466,18,167,8,1.7736,6.9717,0.65179,6.3673
291,4,92,6,1.7334,19.261,2.418,14.519
1688,19,371,10,1.7377,10.374,2.0594,10.326
1842,23,41,5,3.4536,14.077,2.4267,11.092
204,3,60,6,2.0956,11.526,4.8445,13.947
1925,25,61,6,6.8506,23.988,7.5702,18.385
1463,18,164,8,2.3648,8.2322,1.0755,8.2172
1325,17,35,7,2.7008,18.453,2.3458,16.81
1795,21,65,6,9.7296,32.183,10.025,24.342
1959,25,102,8,4.219,14.11,4.2724,11.615
1365,18,54,6,1.3051,5.622,0.72557,5.3875
478,6,20,5,4.5964,15.243,3.7436,13.919
2183,28,127,6,1.7623,5.5254,2.3884,12.07
1555,19,148,7,11.239,31.123,11.355,27.452
179,3,30,5,3.5031,21.895,2.8605,18.176
261,4,59,5,1.9261,10.616,1.7145,9.4862
223,3,83,7,2.424,13.168,1.0199,7.9759
1049,11,159,10,2.6106,10.722,1.8455,8.7471
830,10,57,6,1.3232,12.602,1.0692,9.2735
1382,18,74,6,6.9271,24.54,5.1541,15.919
234,4,22,5,9.6416,37.388,8.7711,30.767
1615,19,238,8,7.9797,21.613,8.7246,21.663
1271,16,16,4,4.0983,16.3,2.412,13.155
2222,28,184,9,2.177,8.6146,1.3951,9.51
2108,28,42,5,2.0526,8.8945,1.2923,6.8578
1942,25,80,7,0.98773,7.0552,0.67354,4.6389
980,11,69,6,4.3834,18.214,3.3762,14.123
1564,19,162,7,1.902,10.374,2.3078,12.372
378,4,199,9,1.3709,10.514,1.2386,7.8494
593,7,81,5,9.1337,29.81,8.3122,24.759
675,7,170,7,4.6145,14.309,3.6894,13.115
441,5,84,7,9.2693,24.562,9.6021,24.262
946,11,30,5,6.4112,19.428,5.3163,18.781
1064,12,25,5,4.363,15.045,3.6415,11.099
331,4,139,7,1.3822,9.9475,1.5408,8.5566
127,2,73,5,5.3472,19.484,4.6474,15.513
1044,11,148,9,3.9948,14.571,2.5785,11.666
1323,17,32,6,2.5163,25.163,1.9306,20.087
420,5,48,5,2.4028,12.815,2.8712,14.863
1133,13,19,4,3.7657,19.067,4.1562,17.011
109,2,55,7,1.169,8.2048,0.71608,7.9549
2329,41,119,7,0.68942,7.4403,0.48862,4.588
427,5,59,7,0.98246,8.7781,0.99513,7.83
1071,12,34,5,3.05,15.045,3.3399,12.646
794,10,14,4,3.7385,28.354,3.6771,18.189
2353,41,147,10,1.1908,7.7985,0.7653,5.5244
1919,25,55,6,0.77607,4.0638,0.46846,5.7562
1830,23,23,5,2.5339,12.2,2.5878,10.307
1340,18,25,5,3.0564,12.27,2.4663,10.909
1257,13,169,10,1.0725,5.3744,0.52974,6.0927
2029,27,27,4,9.5152,19.03,8.4493,19.144
1681,19,358,10,2.4639,8.1785,1.9662,8.4726
1386,18,78,6,5.4435,14.501,3.9698,13.812
902,10,139,9,1.6067,12.602,0.79896,8.3471
1227,13,133,7,2.3595,9.7955,1.003,8.5139
2105,28,39,5,8.0652,27.99,8.955,26.122
1319,17,26,5,3.3551,16.775,3.1464,18.767
293,4,95,6,9.9248,30.59,8.2546,24.618
1780,21,44,5,2.4249,8.9812,1.6626,7.6102
1602,19,209,7,0.75215,4.6599,0.85453,6.338
573,7,59,5,2.0867,11.518,2.2645,12.3
1843,23,42,6,1.6048,7.4046,1.0022,6.85
1512,19,78,6,8.2304,35.446,8.1797,28.359
2219,28,180,8,1.4513,8.428,0.71124,7.2357
1989,26,6,2,8.3389,29.341,7.3542,24.412
1870,24,28,5,3.891,13.752,3.3236,10.766
2278,41,58,6,3.08,11.639,3.4267,10.926
974,11,63,6,3.8613,12.057,1.9629,10.414
521,6,73,8,4.8309,19.933,4.6414,18.927
2149,28,90,7,2.5709,14.513,2.2209,9.7448
1943,25,81,7,2.1871,9.1717,0.75773,6.9009
1751,19,496,14,3.4236,11.239,2.4626,12.41
2319,41,102,6,1.2535,8.9535,1.1428,8.6393
1057,12,17,4,2.7423,11.626,2.4169,9.1278
744,8,58,6,0.92081,10.346,1.2305,9.2763
1994,26,16,4,7.4124,23.164,6.6743,18.839
1528,19,102,7,4.8501,19.884,3.9096,14.271
217,3,76,7,2.3302,10.619,1.7698,9.6367
1747,19,487,13,2.3688,9.5099,2.5551,12.8
1114,12,90,7,1.2378,8.2063,0.87072,6.1787
1839,23,32,5,7.9489,19.708,5.428,15.656
272,4,72,7,2.7644,10.911,1.3188,7.9014
498,6,48,6,4.8543,17.588,3.7504,13.537
438,5,80,7,3.1396,12.815,2.0597,10.297
1851,23,51,7,5.34,14.077,4.1582,13.29
1427,18,125,7,2.2533,7.6522,1.3173,9.6485
1628,19,254,8,7.7635,23.343,6.0668,15.984
729,8,42,5,4.0764,20.692,3.3391,14.646
1435,18,133,8,1.584,7.7191,1.0802,8.6424
840,10,68,6,2.0058,14.702,2.1519,10.158
836,10,64,6,7.918,34.654,8.8083,26.88
992,11,83,6,7.8075,21.856,7.064,20.455
361,4,177,10,1.9827,11.33,1.0977,7.7387
1990,26,11,4,10.501,38.606,9.2566,33.333
2233,28,201,11,3.5972,16.586,2.5982,12.465
192,3,46,6,3.6752,17.203,2.4571,13.739
1441,18,139,7,1.6844,7.5741,0.97702,6.623
758,8,75,6,0.93116,8.3183,0.62102,5.6697
1503,19,64,6,1.9193,14.697,2.4565,9.8584
735,8,48,5,4.9765,27.935,5.0799,17.693
2171,28,115,7,3.5143,13.477,3.0232,10.776
2371,41,181,10,1.5758,8.9355,1.8343,9.5802
1680,19,356,10,1.2795,7.6339,0.80706,6.8715
1348,18,35,5,7.9422,22.31,6.3249,20.337
158,2,117,7,0.81182,7.328,0.60517,6.154
639,7,131,7,3.6726,10.636,2.5867,10.319
1762,21,22,5,3.6374,16.466,3.5229,11.25
2369,41,178,8,1.8713,6.724,0.97412,7.0302
1410,18,104,7,2.0971,9.6712,1.0292,7.0809
869,10,100,7,1.6697,9.6718,1.2815,8.8004
1213,13,115,7,1.2989,6.9355,0.55014,7.5885
605,7,95,6,4.6622,17.886,4.2485,14.31
94,2,37,6,3.7668,16.236,2.5701,13.733
1164,13,56,6,2.2522,19.067,2.5644,15.866
2036,27,35,5,10.195,29.225,10.411,21.862
2176,28,120,8,1.6586,6.873,0.9483,6.992
300,4,103,8,9.6303,41.92,8.6419,28.625
1724,19,439,12,2.4726,10.374,2.8882,12.807
1691,19,374,10,2.7579,14.697,2.7643,10.991
978,11,67,6,3.3513,11.499,1.5566,9.5172
547,7,30,5,6.4747,22.655,7.0901,19.807
1608,19,220,8,1.1066,8.4206,1.0142,7.8818
2308,41,89,7,1.2266,7.4403,0.96564,5.5634
2372,41,182,10,2.2294,11.639,1.9034,10.084
626,7,118,6,3.1598,9.5033,2.5095,13.088
801,10,23,5,4.169,21.003,3.194,22.076
1643,19,280,9,3.0864,11.239,2.0722,13.108
2293,41,74,6,1.352,5.963,1.0299,5.4995
1778,21,42,5,2.9713,14.22,3.2458,10.392
525,6,77,9,3.799,11.725,3.4196,12.831
1149,13,39,5,4.0159,21.45,3.7728,14.924
449,5,93,9,1.7193,9.2693,0.93035,8.9516
2263,41,43,6,5.0945,15.221,4.646,12.611
1537,19,119,7,6.3544,26.801,4.7546,17.493
1727,19,443,11,2.8097,12.968,2.0455,8.7252
226,4,9,4,13.596,43.053,15.09,36.358
2103,28,34,5,3.1618,16.586,3.584,14.796
1596,19,198,8,5.0316,23.343,2.6046,12.529
246,4,39,6,4.6339,20.393,4.7864,16.291
84,2,24,5,5.0333,20.566,5.2529,22.579
2144,28,85,6,1.9282,9.1226,1.3191,7.8369
2309,41,90,7,1.9966,7.0106,1.6662,7.6166
1776,21,39,5,2.0432,8.2328,1.4162,6.5767
1799,21,74,7,1.19,8.2328,0.96627,5.6983
580,7,66,6,4.1734,15.501,3.0742,12.043
2051,27,51,6,6.6606,19.71,6.9587,16.435
805,10,27,5,1.5962,9.6402,1.0789,7.4174
1053,11,164,9,7.2733,25.499,9.9534,26.193
1419,18,115,7,4.4173,13.386,3.0422,12.384
1416,18,111,6,1.3609,5.2539,0.77967,6.4682
1609,19,222,7,4.4178,16.426,4.2983,13.423
2379,41,198,13,1.728,10.744,2.2267,8.5854
2147,28,88,7,2.1355,9.1744,1.4408,7.7313
513,6,64,8,4.2094,16.416,3.2742,11.473
523,6,75,8,9.0403,23.451,7.6922,19.303
2141,28,82,7,2.2288,10.367,1.8904,8.0796
483,6,29,5,3.8108,14.07,2.9991,13.372
1576,19,176,8,2.4034,12.104,1.9993,9.4559
398,5,20,4,2.2105,14.951,2.4103,14.889
856,10,87,7,4.2741,21.003,3.7997,13.79
1533,19,109,7,7.3918,23.343,2.3448,11.251
2185,28,131,8,2.0422,9.2262,1.8775,8.7751
1630,19,258,8,3.536,16.426,3.2432,13.926
2060,27,64,7,2.9429,12.234,2.9219,9.6741
599,7,89,6,6.9159,15.501,4.8303,14.895
545,7,24,5,6.5701,21.463,5.5619,15.957
1160,13,50,6,3.861,19.067,3.3629,14.199
1102,12,74,7,3.7612,11.626,1.3135,5.6129
1254,13,164,10,1.1082,8.4608,0.95231,7.9138
2268,41,48,6,1.531,8.7923,1.1594,6.9054
527,6,79,9,5.1592,17.588,3.88,13.851
1152,13,42,5,2.8242,16.683,2.8987,11.188
187,3,40,5,5.2547,18.767,2.1084,14.532
1111,12,86,10,2.2636,9.5741,1.3009,7.0175
212,3,71,6,2.5335,12.949,0.99826,8.309
724,8,34,5,2.1313,9.8496,2.1084,11.905
1770,21,32,5,1.8861,10.478,1.5443,7.8008
309,4,113,8,1.3709,7.4776,1.8048,10.992
36,1,54,6,6.7496,21.175,7.1888,20.45
606,7,96,6,5.4015,19.078,3.893,16.354
88,2,30,5,1.7752,18.401,2.1045,13.999
348,4,163,8,1.994,12.463,1.797,10.416
1459,18,160,9,1.8294,7.1502,1.2696,8.4568
887,10,122,8,3.8015,15.752,2.8694,11.556
1275,16,21,4,9.908,27.943,8.4653,22.887
142,2,91,6,2.8035,14.072,2.6414,11.15
640,7,132,7,1.9555,11.697,1.5863,8.9048
906,10,143,9,1.9638,10.291,1.3783,12.074
1923,25,59,6,1.4604,8.4662,1.3038,7.1667
674,7,169,8,1.6574,5.9858,1.1514,9.6311
334,4,142,9,1.3369,13.596,1.1017,9.0808
714,8,19,4,0.81735,8.4218,1.6099,8.9403
800,10,22,5,10.501,39.905,7.0734,23.731
2288,41,68,6,2.9367,14.326,2.7546,9.5771
1005,11,98,7,2.4285,10.625,1.0461,9.6364
1828,23,21,5,3.1158,13.139,2.6895,10.849
424,5,53,7,3.2464,20.29,4.2241,17.729
1629,19,255,8,4.8846,12.968,3.9676,14.992
1647,19,294,9,7.02,20.749,6.2024,18.03
171,3,15,4,2.424,11.463,2.1403,13.339
866,10,97,7,4.2741,21.003,3.7997,13.79
700,7,200,9,4.2091,10.994,3.17,10.687
2192,28,144,8,3.4624,12.44,2.846,10.24
2339,41,131,8,1.7996,8.9535,1.5056,7.3106
1061,12,21,4,9.5741,27.354,9.5552,22.692
1218,13,122,8,4.8024,20.258,5.2153,17.514
2335,41,125,6,1.6206,8.6222,1.2134,6.3902
1388,18,80,6,5.9566,17.848,3.12,13.038
32,1,50,6,2.5807,9.9127,1.016,9.4538
1278,16,24,5,1.9211,11.457,1.6152,10.777
2218,28,178,9,1.7105,11.403,1.7484,8.9449
1892,25,20,4,0.79018,6.3638,0.4051,6.6392
1016,11,112,7,3.3756,10.552,2.1426,9.8867
227,4,10,4,9.4037,30.59,11.354,24.089
1768,21,30,5,2.8066,11.975,2.9584,10.659
955,11,39,5,4.092,15.785,2.9112,12.91
337,4,147,8,3.4556,21.526,2.1015,14.361
2133,28,73,6,3.0063,12.44,1.6319,7.9834
1719,19,427,10,3.7867,13.833,3.5609,11.788
747,8,62,6,0.92081,10.346,1.2305,9.2763
333,4,141,9,5.6082,32.856,6.1084,24.821
2158,28,102,7,2.5191,10.367,1.9438,8.8866
1401,18,94,7,5.5104,21.194,5.3002,16.005
1107,12,82,8,3.8091,15.045,3.9663,12.165
1225,13,131,7,1.5372,5.0765,1.6965,12.986
921,10,163,9,1.0921,9.3567,0.71402,5.9084
2374,41,185,9,1.1908,5.1124,0.70991,4.8728
1999,26,25,5,4.6791,16.987,3.6697,12.878
1749,19,490,14,1.1498,5.9394,0.83914,6.739
771,8,92,7,1.5209,10.015,1.2884,8.7973
481,6,26,5,5.3585,17.588,4.4281,15.31
1947,25,89,7,0.83957,4.5506,0.82376,4.7973
2034,27,33,5,4.2343,14.952,2.2597,9.7906
1347,18,34,5,4.8412,15.617,5.1083,15.976
190,3,43,4,3.9097,25.022,3.9706,19.194
986,11,75,6,1.6514,7.9533,1.0374,7.1686
1438,18,136,8,2.7887,9.9947,2.2527,10.248
649,7,141,7,6.3674,17.886,5.52,15.969
408,5,34,6,2.2746,9.8673,1.929,12.853
154,2,111,7,0.82264,7.6419,0.35869,5.0836
1169,13,62,6,2.0139,11.583,1.5511,10.856
857,10,88,6,1.2812,9.0417,0.47885,7.972
1796,21,69,7,1.1077,5.9276,0.89086,6.1353
1403,18,97,7,5.8897,21.194,5.2928,16.171
2226,28,189,10,1.4617,8.6353,1.129,6.6073
2132,28,72,6,1.6275,7.4224,0.84377,6.0841
469,6,10,4,2.0754,8.3602,1.172,8.398
1422,18,118,7,2.1529,12.27,1.1658,11.698
627,7,119,6,3.0406,13.116,2.6659,10.29
2211,28,171,7,1.5031,6.562,0.95179,7.1176
28,1,45,5,5.2409,18.528,4.0817,15.563
376,4,197,8,1.8014,9.5056,1.3468,7.2908
1648,19,298,9,5.0575,19.02,4.644,13.8
216,3,75,7,1.3919,11.448,0.90284,8.412
132,2,79,7,1.3855,4.7518,0.76381,8.6721
110,2,56,5,2.5978,8.2806,0.95054,7.1987
1300,16,49,6,2.5381,11.643,2.2408,10.323
1206,13,105,6,4.0159,16.683,3.6097,14.991
1105,12,78,6,3.8433,14.361,3.2771,11.126
1356,18,45,6,2.4987,8.9461,2.3498,10.654
1273,16,18,4,4.1099,15.136,3.3645,13.324
2109,28,44,5,7.1011,27.99,5.7375,21.452
1196,13,91,6,4.5998,16.683,3.6287,14.626
1819,23,12,4,6.804,21.585,5.4044,16.456
1217,13,120,8,1.3347,8.7826,1.0367,8.8407
2177,28,121,8,1.5239,6.7072,1.3729,7.1486
1408,18,102,7,2.3313,6.8267,0.93902,7.4171
409,5,35,6,3.3532,12.815,2.0096,11.049
1949,25,92,7,2.5399,11.288,1.2204,7.185
2321,41,108,6,5.6675,19.698,5.7845,16.245
894,10,130,9,4.2846,10.501,2.5326,13.026
2271,41,51,6,1.531,8.7923,1.1594,6.9054
288,4,89,6,4.5885,33.989,4.5235,22.737
2239,41,15,4,2.1936,9.8488,2.0512,10.038
1518,19,90,7,5.7059,17.291,5.2352,14.774
703,7,204,9,3.601,14.309,1.349,8.2801
336,4,144,9,4.6339,36.255,4.3191,23.111
2366,41,172,8,2.0862,13.43,1.8944,8.1201
2095,28,26,5,2.6538,15.55,3.2464,13.046
748,8,63,6,2.5245,16.554,2.4277,11.769
375,4,195,9,3.1836,12.463,1.8464,11.222
2055,27,57,6,5.9946,16.991,6.0484,14.944
1116,12,92,10,3.3372,14.361,3.3412,11.327
185,3,37,5,6.0366,21.895,3.4086,15.789
1406,18,100,7,1.8628,8.8123,1.3454,7.8983
1272,16,17,4,9.5238,23.286,9.0796,22.875
2107,28,41,5,3.3484,13.477,2.4292,10.806
2101,28,32,5,2.7886,10.159,2.7114,10.447
1167,13,60,6,3.9087,16.683,3.5195,13.392
2134,28,74,6,3.6387,13.477,2.0678,9.0459
621,7,113,7,0.81083,6.8801,0.70018,4.8144
494,6,43,6,2.99,14.07,2.8445,12.534
2328,41,116,7,1.4773,12.535,1.7564,8.4806
678,7,173,8,2.8856,7.4167,2.2687,10.255
258,4,56,5,4.7811,15.862,4.6407,15.428
1665,19,333,9,1.5043,8.6454,1.2137,6.177
2252,41,31,5,1.8265,9.8488,1.6972,10.103
2237,41,12,4,8.4342,25.07,8.5766,19.619
1050,11,160,10,4.3348,14.571,3.1862,12.295
289,4,90,6,1.7448,12.463,1.3839,8.6307
451,5,96,9,2.7765,12.815,2.6114,12.207
1579,19,179,8,9.5099,28.53,9.1451,22.386
641,7,133,7,6.1647,19.078,4.9342,15.659
1603,19,210,8,2.1441,11.239,2.8374,13.585
704,7,205,9,4.7934,15.501,3.6745,12.827
2056,27,58,6,3.2624,11.554,3.3435,11.939
1173,13,66,6,1.4896,14.3,1.4281,8.9947
550,7,33,5,3.1241,13.116,4.4549,17.771
480,6,25,5,6.2848,16.416,5.9085,21.484
716,8,22,4,7.0768,25.865,8.5917,25.963
719,8,26,4,4.6247,24.831,4.3884,16.59
1809,21,90,8,3.1883,14.969,3.2341,10.838
2279,41,59,6,1.8176,7.4761,1.1901,6.39
595,7,83,7,2.3967,9.9565,1.7241,7.5779
1580,19,180,8,2.2392,12.104,1.8983,8.6372
397,5,19,4,5.2434,24.562,5.3001,22.932
1502,19,63,6,3.1901,11.239,1.9847,10.456
222,3,81,8,7.7882,20.331,6.6843,21.749
502,6,53,6,3.0603,10.33,1.4347,9.2506
1207,13,106,6,1.1917,8.3893,0.86077,8.3527
1024,11,121,8,2.5499,8.0868,1.9929,10.46
1430,18,128,7,0.8143,4.8412,0.55485,5.9972
1750,19,492,14,1.7723,8.6454,0.89444,7.9426
987,11,76,6,2.9385,11.062,1.4392,10.244
1822,23,15,4,3.7445,11.262,5.5681,14.394
1054,11,165,9,11.657,29.142,11.003,27.169
463,5,111,9,3.0008,14.951,2.1764,15.803
989,11,78,6,16.999,42.498,17.624,37.924
786,8,115,9,3.0728,13.45,3.4871,13.085
311,4,115,7,2.7078,13.596,2.7684,13.212
457,5,105,10,3.3318,12.815,1.8967,10.553
485,6,31,5,4.5143,17.588,3.7994,14.03
985,11,74,6,3.0235,10.236,1.5228,8.716
1494,19,49,6,8.4725,34.582,9.2306,26.192
1645,19,282,8,4.3313,16.426,4.1503,13.375
491,6,39,5,4.6667,15.243,2.3285,11.548
741,8,54,6,4.2937,20.692,3.333,16.407
1147,13,36,5,4.9335,21.45,4.7535,16.337
2337,41,128,8,1.4684,5.5511,0.87854,5.7075
301,4,104,8,6.7298,33.989,6.6023,25.538
116,2,62,7,1.4937,7.4146,0.57321,7.3141
2179,28,123,7,1.5446,7.0492,0.67975,5.3467
2045,27,45,5,1.2506,4.3022,0.67803,4.332
1177,13,70,6,2.4667,9.3427,1.1784,7.5089
1699,19,388,10,5.9307,18.155,4.9582,13.963
3,1,16,4,11.157,34.41,12.764,34.198
332,4,140,9,12.463,32.856,9.6729,24.629
2139,28,80,6,3.0685,12.44,2.4153,8.7846
1490,19,42,5,12.968,39.769,13.983,29.941
616,7,106,7,4.543,15.501,4.2452,13.501
237,4,30,4,6.3786,15.862,5.6475,16.023
472,6,13,4,8.0202,25.796,7.7315,21.337
907,10,144,9,2.1843,15.752,2.0897,12.264
750,8,67,6,1.0243,7.6355,1.0654,7.5927
1527,19,101,7,5.8702,23.343,5.7348,17.062
2260,41,39,4,3.2859,10.744,1.7772,7.4472
1852,23,52,8,3.8384,10.323,2.3017,11.091
1290,16,37,5,6.9741,23.286,6.4984,20.662
279,4,80,6,1.7448,12.463,1.3839,8.6307
1731,19,449,14,1.7723,8.6454,0.89444,7.9426
555,7,39,5,3.1956,13.116,2.4288,9.9096
1335,18,20,4,8.4665,20.079,6.4773,17.398
1455,18,156,7,1.584,7.2394,1.0697,9.6258
2116,28,51,6,0.82932,8.7597,0.53795,5.3657
1748,19,488,13,1.4178,8.5157,0.60411,7.3308
816,10,42,5,1.7327,11.551,1.4049,9.4329
138,2,86,8,1.5154,8.5403,1.6945,10.304
328,4,135,7,2.4359,15.862,2.1231,11.589
769,8,87,7,1.7589,9.2909,1.3812,8.9875
763,8,80,6,2.3175,12.415,2.3609,10.159
1611,19,226,8,4.3227,17.291,3.7925,13.333
556,7,40,5,3.9349,11.173,3.4333,13.06
518,6,69,9,12.898,28.141,11.758,24.262
594,7,82,7,2.7067,13.116,2.3793,11.029
1639,19,273,9,1.7982,12.104,2.4363,11.894
340,4,154,8,3.9994,15.862,2.9532,13.107
564,7,50,6,2.5994,9.9565,2.5047,10.926
1801,21,77,7,4.4232,17.962,4.2187,13.358
1,1,11,4,19.852,50.291,17.55,41.302
1791,21,61,6,1.5717,11.227,1.0906,5.4083
1619,19,242,8,13.833,45.82,9.0757,29.032
1831,23,24,4,12.2,30.97,10.694,23.88
815,10,41,5,5.2927,18.902,4.1737,17.512
848,10,77,7,5.0932,17.852,2.8601,12.657
228,4,11,4,6.7865,37.388,7.7386,28.789
203,3,59,6,2.9714,13.668,2.3061,15.366
1251,13,161,9,3.2532,13.108,1.693,9.9298
68,1,93,10,5.6644,15.881,4.9564,14.295
67,1,92,9,3.3351,17.205,3.277,13.873
519,6,71,9,6.8359,19.933,5.946,17.194
1037,11,136,8,6.1562,19.428,4.6017,15.798
1924,25,60,6,6.8506,23.988,7.5702,18.385
689,7,186,8,4.7934,17.886,4.1246,13.244
1153,13,43,5,3.7657,21.45,2.4713,13.568
47,1,66,6,2.3955,11.461,2.7974,16.088
6,1,20,4,4.2748,15.881,3.561,16.824
766,8,84,7,4.9041,23.796,6.1076,21.19
1209,13,108,7,2.3237,15.492,2.1921,11.838
1216,13,119,8,3.0149,14.3,2.1826,10.867
1423,18,119,8,3.4134,13.386,2.9863,13.05
1736,19,459,11,1.8069,9.5099,1.402,7.1279
1387,18,79,6,15.617,36.811,14.328,32.123
945,11,29,5,7.1276,21.856,5.1645,16.68
1099,12,68,7,2.5029,8.8902,1.4308,6.9944
644,7,136,7,1.9794,7.0351,1.7537,9.2806
1916,25,52,6,5.8911,16.932,5.1479,13.704
659,7,152,8,3.8872,11.924,2.5803,10.23
1379,18,71,5,4.4396,14.501,4.5367,16.209
558,7,42,5,5.0319,21.463,5.5047,16.145
1726,19,442,11,4.2449,15.562,4.92,13.371
1329,18,11,4,12.27,37.926,13.258,30.883
1046,11,151,9,5.0027,16.999,3.7019,14.98
1774,21,36,5,5.4636,19.459,5.5168,15.841
2220,28,181,11,3.5972,16.586,2.5982,12.465
1515,19,84,6,5.023,19.02,4.3502,15.383
624,7,116,6,11.101,33.387,11.195,28.07
2022,27,16,3,14.952,34.662,17.661,27.685
122,2,68,7,0.77935,6.3971,0.43532,4.8642
2122,28,57,6,3.5246,15.55,3.4809,12.257
1805,21,82,8,0.82328,7.4843,0.57309,4.6187
133,2,80,7,0.77935,6.3971,0.43532,4.8642
691,7,188,8,5.6042,22.655,4.8566,15.859
1080,12,43,5,2.8996,12.993,2.2546,9.4792
737,8,50,5,1.8106,10.305,1.9004,9.9478
802,10,24,5,2.8879,13.652,2.0559,9.7463
1879,24,41,5,9.7072,27.504,11.189,31.137
1194,13,89,6,1.5372,8.3417,1.1383,7.5381
403,5,26,5,8.7033,32.037,9.5626,25.333
453,5,100,8,4.058,16.018,2.8815,12.439
1458,18,159,9,1.517,7.9087,0.62701,5.977
1563,19,160,7,5.6973,21.613,5.0674,18.5
2238,41,14,4,10.744,27.756,9.638,18.465
650,7,142,7,5.0677,16.693,5.6977,19.126
846,10,74,7,6.4688,23.103,5.8669,17.665
957,11,43,5,38.856,80.14,10.833,37.938
1100,12,70,7,1.6413,7.5225,0.91706,5.2568
1240,13,147,7,2.2999,11.654,1.1336,8.2405
619,7,111,7,1.8363,10.66,1.4135,8.475
2070,27,75,7,1.9642,6.0829,0.50067,4.4028
1447,18,147,6,1.7067,8.2657,0.6154,7.3026
638,7,130,8,1.6932,8.5614,0.77566,6.1457
1634,19,263,9,11.239,28.53,3.839,4.4334
1631,19,259,8,3.1901,16.426,3.5722,13.227
1997,26,19,4,3.876,13.867,2.478,12.292
654,7,147,7,3.7918,14.309,1.9375,8.7159
1869,24,26,5,3.171,9.7072,2.8234,12.72
1544,19,127,7,1.7723,15.562,2.2849,10.611
1056,12,13,4,7.5225,25.303,9.7674,21.367
505,6,56,6,3.459,10.975,2.6749,10.54
413,5,39,6,5.7346,19.222,5.4864,15.467
1390,18,83,7,1.6063,8.2657,1.6541,8.9459
1546,19,138,7,11.239,31.123,10.355,22.342
1203,13,99,6,3.8372,14.3,2.1881,10.733
419,5,47,6,1.4523,8.4043,1.1682,7.4363
373,4,193,10,1.5522,8.5313,0.70095,5.894
1771,21,33,5,3.7871,14.969,3.6741,12.419
1237,13,144,7,1.8232,9.3188,1.3513,8.7342
2291,41,72,5,11.639,29.546,11.357,24.771
1594,19,196,8,2.827,18.155,2.5828,12.776
563,7,49,6,2.0509,13.116,2.2638,10.019
696,7,193,9,2.8856,8.8952,2.2732,9.5324
2173,28,117,6,2.5087,11.403,1.9231,9.3264
710,8,15,4,4.004,23.796,5.017,17.368
1935,25,71,7,1.5592,6.9211,1.7253,7.0546
504,6,55,6,3.9749,15.243,2.4636,12.085
322,4,129,9,4.6339,36.255,4.3191,23.111
77,2,6,2,21.649,60.616,23.36,49.063
189,3,42,5,4.2851,25.022,3.3925,15.25
731,8,44,5,2.3382,13.45,2.5462,14.56
1235,13,142,8,2.3237,14.3,1.3589,9.525
1456,18,157,9,1.372,7.9422,0.90925,6.9971
784,8,112,8,0.72423,5.1007,0.84685,6.8149
1014,11,110,7,9.2889,24.285,7.7143,20.604
314,4,119,7,4.3619,20.393,5.2684,18.638
363,4,179,10,1.6995,22.659,2.1415,17.391
353,4,169,8,4.0674,15.862,3.8001,12.922
2066,27,71,7,2.9429,12.234,2.9219,9.6741
2250,41,27,5,7.7,29.546,6.6125,21.567
1222,13,127,8,2.1688,8.3059,1.8101,9.3168
1128,12,106,10,4.1032,14.361,3.2596,9.9073
660,7,153,7,8.3348,25.04,7.2924,20.02
1148,13,38,5,3.575,22.642,3.6673,15.558
1475,19,12,3,25.072,62.247,18.689,38.182
2285,41,65,6,0.97593,9.8488,0.82822,7.3493
538,7,17,4,7.1543,23.848,4.3239,16.269
1684,19,364,10,2.9394,10.374,2.7999,13.422
1694,19,382,11,3.9336,13.833,3.0593,11.681
2167,28,111,8,1.5239,6.7072,1.3729,7.1486
1404,18,98,6,2.3202,7.8306,2.0245,10.885
1573,19,173,8,3.2507,13.833,3.2488,11.207
917,10,155,9,1.8272,11.551,1.6688,9.1145
2201,28,159,8,1.2233,9.164,1.3524,8.2857
1880,24,42,5,5.0801,17.796,5.003,15.172
705,7,206,9,1.7409,8.0009,1.5861,8.5978
1597,19,199,8,2.1441,11.239,2.8374,13.585
2313,41,95,6,1.0744,7.503,1.8568,12.312
1962,25,105,8,9.1717,23.988,9.7288,21.084
1914,25,50,6,3.7745,14.11,2.853,11.207
62,1,87,7,2.4881,13.102,1.9693,10.874
17,1,33,5,8.3907,27.793,6.2581,20.52
1362,18,51,6,1.294,6.7821,0.66089,5.6565
1375,18,67,6,1.3943,7.9868,0.76301,6.559
1429,18,127,7,1.3943,5.5774,1.234,8.5845
447,5,91,9,6.952,22.426,6.2237,19.908
1188,13,83,7,1.9901,10.058,1.0238,7.5359
1827,23,20,4,5.828,15.954,5.437,21.296
42,1,61,6,2.8587,9.3039,1.314,9.6931
751,8,68,6,1.1588,11.381,1.1932,8.0028
1969,25,112,9,1.5945,8.4662,0.88575,7.2705
1279,16,25,5,3.7723,17.464,3.4745,13.191
401,5,23,5,5.8307,25.629,11.421,26.84
508,6,59,7,3.9749,14.07,3.7745,12.953
2009,26,39,6,2.7951,13.327,1.9776,10.567
102,2,48,5,2.9009,10.813,2.2349,10.967
1122,12,99,7,3.4945,11.626,1.8835,8.8112
534,6,86,11,1.8878,9.521,1.5702,8.0766
2015,26,46,7,2.8877,11.906,1.7876,9.4846
2033,27,32,5,1.903,8.8355,1.4438,7.0217
2312,41,94,7,0.76104,6.5181,1.7329,6.7999
1074,12,37,5,4.6229,15.045,4.1137,12.612
738,8,51,5,0.99323,7.0251,0.86334,8.4209
1361,18,50,6,1.5728,6.269,0.57539,5.5531
1345,18,32,5,6.7598,22.31,6.0485,18.116
198,3,54,6,1.7203,11.495,1.0126,8.8334
1496,19,53,6,2.2392,14.697,2.3655,10.642
1239,13,146,7,3.7537,13.108,2.4767,12.781
15,1,31,5,4.6983,17.205,5.6414,22.083
791,10,10,4,7.2984,52.507,6.8194,33.675
278,4,79,6,3.3989,29.457,2.9383,21.727
912,10,149,9,4.4211,15.752,3.1548,13.71
1307,16,56,7,1.7697,9.7916,1.0835,8.6236
1284,16,31,5,6.2638,19.793,3.6767,13.692
1117,12,93,9,3.3099,12.993,2.7004,9.551
732,8,45,5,2.5555,14.485,2.6883,15.836
1020,11,117,8,4.9662,14.571,3.42,12.6
1277,16,23,4,6.1823,22.121,5.4647,17.89
1616,19,239,8,8.6454,31.988,7.6364,18.648
1353,18,42,6,5.2204,21.194,4.14,15.538
470,6,11,4,5.9331,21.106,6.4966,19.259
329,4,136,7,2.1753,11.284,1.1323,9.0863
1384,18,76,5,4.4396,14.501,4.5367,16.209
48,1,67,6,3.0837,15.881,2.3756,12.176
692,7,189,8,6.7489,21.463,6.1383,16.228
851,10,80,7,2.6463,15.752,2.3561,10.92
1722,19,431,10,7.0114,22.478,6.5521,17.586
1716,19,423,9,1.5389,7.2362,0.59403,7.1713
1304,16,53,7,1.7697,9.7916,1.0835,8.6236
1166,13,58,6,7.722,27.408,6.4134,23.463
1732,19,452,11,2.1873,7.9624,1.7438,8.5863
1462,18,163,8,3.2683,12.27,2.528,9.9431
2290,41,70,5,3.3934,12.535,2.8969,10.662
277,4,78,6,4.0107,14.729,3.6579,14.546
888,10,123,8,2.7514,14.702,2.5416,11.646
1626,19,251,8,3.3803,14.697,3.3551,10.388
872,10,103,7,0.90312,6.5108,0.48566,6.105
305,4,109,8,1.6428,10.072,1.0808,8.0777
997,11,89,7,4.7841,14.571,3.185,14.064
1138,13,25,5,2.5859,19.067,1.5421,17.572
124,2,70,6,3.3555,10.824,2.1438,10.291
1021,11,118,8,4.4077,11.851,2.2331,11.142
863,10,94,7,1.4597,8.7896,0.87536,8.3561
366,4,184,11,2.2999,18.128,2.7303,15.88
162,2,123,10,2.3164,12.989,2.5782,12.054
2169,28,113,7,2.1148,8.5939,1.1785,6.8155
2236,41,10,4,8.1208,22.384,7.7302,17.991
598,7,86,7,2.8856,9.0979,1.8474,8.7815
828,10,55,6,1.3232,12.602,1.0692,9.2735
914,10,151,6,1.3442,7.1094,0.98254,10.295
431,5,68,6,2.5202,12.815,1.7083,11.016
1292,16,39,5,6.1008,22.121,4.955,18.219
838,10,66,6,1.1972,9.8188,0.96668,8.3828
1850,23,50,6,2.487,9.0845,1.3764,8.2118
1035,11,134,8,14.571,36.427,8.9682,15.006
948,11,32,5,8.7182,25.499,8.8089,27.166
1539,19,121,7,1.4957,12.104,0.96627,6.9934
1818,23,8,3,10.323,29.093,11.475,25.775
795,10,15,4,2.7409,18.902,2.6513,15.424
96,2,40,6,1.6994,10.792,1.0538,9.1218
1511,19,77,6,7.0546,25.936,6.967,19.164
70,1,97,8,12.533,27.793,10.969,26.898
191,3,44,4,4.0818,17.203,4.1736,16.349
2198,28,151,9,1.4617,6.9974,1.3597,9.9784
439,5,81,7,1.1854,7.5073,2.5663,12.297
712,8,17,4,4.0143,22.762,5.4158,17.962
1514,19,82,6,5.4725,15.562,4.9407,14.318
1231,13,138,8,0.83417,7.0666,0.66133,6.6885
304,4,108,8,1.9147,8.8825,1.3328,6.9205
2002,26,29,5,4.3857,18.531,3.4132,14.94
1670,19,341,9,7.971,25.072,7.4346,17.712
1174,13,67,6,2.7647,11.917,1.6785,9.5487
471,6,12,4,10.295,18.761,8.034,19.992
2209,28,169,10,2.9752,9.8171,2.6583,13.129
905,10,142,9,6.1853,18.902,5.471,18.635
1185,13,79,7,3.003,16.683,2.6776,12.285
29,1,46,5,7.2658,22.499,5.3991,18.933
1389,18,81,6,3.4357,9.7381,2.3765,10.467
759,8,76,6,0.807,11.381,1.0789,6.4207
668,7,161,8,3.0406,14.309,2.8361,12.555
383,4,209,14,1.8128,10.605,1.0364,7.8458
1439,18,137,8,3.5807,13.386,2.9212,13.556
61,1,84,7,2.4881,8.3378,1.115,7.7484
628,7,120,6,3.4699,15.501,4.9615,14.95
1745,19,484,13,1.2017,8.6454,1.0378,9.8929
456,5,104,10,2.1144,7.9345,1.265,10.191
1687,19,370,9,2.3515,18.155,0.62937,6.3842
1452,18,153,8,2.7329,9.4815,1.3296,11.098
1807,21,87,8,0.77089,5.5459,0.41673,4.1027
2096,28,27,5,2.2392,13.477,2.3554,10.724
2346,41,139,9,4.7991,16.116,4.0545,11.427
1378,18,70,6,6.9271,24.54,5.1541,15.919
1253,13,163,7,0.69117,6.4112,0.56925,6.1341
1927,25,63,6,5.6794,17.638,5.7224,15.288
454,5,101,8,6.354,22.426,5.9215,17.449
74,1,103,9,3.3351,17.205,3.277,13.873
364,4,180,9,1.7221,8.8145,0.71699,6.6431
196,3,51,6,1.1416,10.525,1.1784,9.5314
2273,41,53,6,7.7,29.546,3.9108,15.854
2160,28,104,7,3.5143,13.477,3.0232,10.776
1613,19,232,8,3.3803,14.697,3.3551,10.388
1086,12,49,6,4.1852,11.626,2.4283,9.8553
2300,41,81,7,3.277,14.326,3.4936,11.086
1649,19,299,9,1.5216,9.5099,2.1448,9.5912
996,11,88,7,18.214,43.713,17.44,36.593
1025,11,122,8,5.3062,12.13,2.8334,15.734
1557,19,150,7,2.0144,7.9624,1.7098,7.7459
1800,21,76,7,0.62868,5.6507,0.57723,3.9142
2249,41,26,5,5.9093,21.488,6.1763,18.851
1621,19,246,8,4.7117,16.426,2.0042,13.958
651,7,143,7,10.815,27.425,9.7269,21.848
1725,19,441,11,3.9336,13.833,3.0593,11.681
757,8,74,6,1.345,9.6219,1.297,8.7251
46,1,65,6,4.8438,15.881,5.1657,16.595
1318,17,25,5,1.795,15.265,1.3673,11.112
701,7,201,9,2.4563,8.5017,1.5186,8.635
323,4,130,7,1.7674,18.128,1.262,10.949
2302,41,83,7,2.9994,14.326,2.7775,11.757
1042,11,145,9,2.3799,9.556,1.4253,8.4487
952,11,36,5,5.6826,20.642,4.8773,16.734
2030,27,28,5,12.234,33.303,13.057,24.452
1163,13,55,5,5.4459,21.45,5.2155,18.433
870,10,101,7,6.8154,24.153,5.794,18.119
742,8,55,6,2.5452,15.519,2.0641,12.072
330,4,137,7,6.2993,22.659,5.8823,18.817
83,2,23,5,5.358,21.649,4.3061,16.42
924,10,166,10,3.4234,16.802,3.7514,17.977
156,2,113,7,2.7169,10.824,0.96767,7.5216
2301,41,82,7,1.5669,8.6043,1.6668,9.6176
1661,19,325,9,1.7464,11.239,1.961,10.702
1098,12,65,7,1.6413,7.5225,0.91706,5.2568
663,7,156,7,11.614,31.002,10.383,25.48
1931,25,67,6,4.3037,16.227,4.395,14.117
1757,21,17,4,3.5326,15.717,3.5723,13.776
165,2,127,11,2.1216,10.554,0.72795,6.5855
1266,16,9,3,16.3,39.586,13.655,30.132
1806,21,83,8,3.5625,12.723,3.1841,9.5641
2020,26,51,10,1.7141,8.2463,1.2895,8.086
1449,18,149,7,1.5728,7.2171,0.79123,7.4192
2311,41,93,7,2.3995,11.639,1.8148,8.1602
1317,17,24,5,1.0065,11.055,0.85168,18.707
953,11,37,5,6.0105,23.071,4.2766,16.534
23,1,39,5,5.585,22.499,4.8472,19.775
1118,12,94,9,2.6739,8.2063,2.01,10.111
123,2,69,6,3.5395,17.319,2.8283,15.203
2265,41,45,6,4.4409,15.221,3.8022,11.439
515,6,66,7,4.6081,15.243,3.5677,12.593
1337,18,22,5,4.4396,15.617,4.7048,16.966
1211,13,111,8,2.0735,13.108,0.7975,8.1737
2283,41,63,6,1.6385,11.639,4.1309,9.2237
933,11,13,4,11.317,36.427,12.503,31.56
1032,11,131,8,6.8362,24.285,6.7948,18.52
1623,19,248,8,2.4294,13.833,2.2325,11.859
1106,12,80,8,8.8902,23.251,8.3908,18.985
2206,28,166,9,6.1577,20.733,5.8066,15.947
2172,28,116,6,3.5557,15.55,3.8636,11.796
753,8,70,6,0.807,11.381,1.0789,6.4207
2344,41,137,9,1.0744,8.7207,0.9901,7.9899
244,4,37,6,4.6565,20.393,5.2558,17.529
1534,19,113,7,4.4178,18.155,4.0958,13.51
1352,18,41,5,5.8228,16.732,5.263,15.462
956,11,42,5,7.419,24.285,7.216,20.072
2294,41,75,7,1.7012,8.0402,1.0303,6.4896
1223,13,128,8,1.6922,10.01,0.93864,8.0938
172,3,17,4,8.1166,31.278,7.2559,22.659
817,10,43,5,3.8855,16.802,4.1926,19.275
2264,41,44,6,5.0318,17.012,4.7552,13.958
2004,26,32,6,1.745,6.841,1.1753,7.502
2148,28,89,7,1.8038,6.8626,1.1886,6.5053
126,2,72,6,2.4463,12.989,1.5171,9.5368
779,8,107,9,0.58973,7.0147,0.84191,6.2927
1865,24,22,5,7.5635,21.841,4.2629,11.488
1766,21,28,5,2.1405,11.227,1.5033,8.2286
85,2,25,5,6.1157,24.896,4.9769,21.678
2229,28,194,10,1.1611,7.7542,0.96492,7.5936
859,10,90,5,1.7327,8.1386,1.0637,8.8347
2234,28,202,10,2.2599,12.44,2.7424,11.013
635,7,127,8,2.1463,8.2394,1.4798,8.0348
1158,13,48,6,5.8868,22.642,5.6296,19.004
865,10,96,7,1.9848,6.9834,1.1427,8.7644
1909,25,45,6,4.0779,16.227,3.4245,12.288
1543,19,125,7,1.7723,15.562,2.2849,10.611
1125,12,103,10,1.8396,10.258,1.6324,8.867
1873,24,31,5,3.6887,12.134,3.4999,17.28
1886,25,13,4,5.369,19.755,5.885,15.932
199,3,55,6,2.424,13.168,1.1614,9.1293
468,6,9,4,14.07,30.486,13.421,39.108
1411,18,105,7,1.1824,6.4363,0.64027,6.4409
844,10,72,6,3.3184,28.354,2.9186,15.834
849,10,78,7,10.501,33.604,8.1369,24.957
2266,41,46,6,8.3088,21.488,6.014,14.769
1632,19,261,8,2.1959,9.5099,1.5155,9.5568
698,7,196,9,1.8363,7.8459,1.2962,7.9101
2162,28,106,7,2.3739,10.232,2.3932,9.5735
568,7,54,6,2.7663,9.5272,2.5395,12.731
1242,13,149,8,1.7517,10.999,1.2737,9.8391
488,6,36,5,6.8242,18.761,4.4012,16.835
405,5,28,5,6.7277,23.494,7.025,20.649
175,3,24,5,3.4406,18.767,6.3596,20.029
1343,18,29,5,5.4881,24.54,4.9464,16.815
1764,21,24,5,14.969,35.176,15.966,32.251
1060,12,20,4,5.9017,21.2,5.4342,15.628
1677,19,353,10,5.9307,18.155,4.9582,13.963
1972,25,115,8,0.82546,6.3214,0.9669,6.6655
990,11,80,6,16.999,38.856,15.204,31.266
379,4,201,7,3.0137,16.995,2.9689,15.49
1697,19,386,10,2.2219,11.239,2.5407,14.437
1675,19,351,10,2.438,13.833,2.1358,9.389
1971,25,114,8,4.219,14.11,4.2724,11.615
1874,24,33,5,2.9202,12.134,2.889,13.34
243,4,36,6,6.118,26.058,5.2593,17.742
2042,27,42,5,1.3865,4.8731,0.81465,5.4427
1604,19,211,8,2.3515,18.155,2.1651,11.692
2014,26,45,7,4.7717,16.987,2.6579,12.127
1705,19,400,10,1.876,7.4955,1.8452,8.8499
1526,19,100,7,3.6743,20.749,2.2567,10.393
1202,13,98,7,7.6147,27.408,7.8129,23.758
2345,41,138,9,1.352,9.8488,1.1356,7.2479
1832,23,25,4,13.139,33.785,13.379,29.044
1713,19,415,11,1.8069,9.5099,1.402,7.1279
1426,18,124,7,2.3202,9.95,0.8375,6.5303
390,4,224,12,1.4049,14.729,1.6559,12.602
260,4,58,5,3.1723,14.729,2.0294,10.669
229,4,13,3,8.3387,28.324,10.215,24.608
1652,19,305,8,4.487,16.426,4.6802,15.991
954,11,38,5,5.2698,23.071,5.0124,16.797
600,7,90,6,3.601,13.116,3.2867,12.084
79,2,13,4,6.2781,20.566,5.7037,16.713
1582,19,182,8,1.8155,12.104,2.1309,10.262
1041,11,144,9,6.5205,23.071,6.3844,20.478
646,7,138,7,4.1018,15.501,3.7401,12.718
532,6,84,10,7.3753,16.416,6.2605,16.878
1108,12,83,8,3.6313,12.31,2.9138,9.4902
909,10,146,9,1.9638,13.652,1.2522,9.8453
2082,27,90,8,1.8419,8.8355,1.3546,8.0972
1884,24,48,7,3.9799,14.561,3.8685,16.032
294,4,96,6,1.7561,12.463,1.471,9.303
1679,19,355,10,2.3602,11.239,2.2152,8.5054
58,1,78,7,3.5469,12.758,2.4653,11.333
388,4,215,10,1.4275,9.2111,2.1373,10.791
1236,13,143,8,2.2046,11.214,1.184,7.9208
1881,24,44,6,7.8709,18.605,6.1748,20.59
2221,28,182,10,1.4306,10.325,1.228,7.2027
625,7,117,6,5.795,23.848,6.001,16.957
241,4,34,6,6.1407,23.792,5.3871,18.77
1612,19,231,8,2.6541,14.697,1.9151,11.895
1560,19,155,7,6.2765,20.749,6.1433,16.696
1383,18,75,5,6.6817,21.194,6.4587,20.98
1723,19,432,10,1.2795,11.239,2.2517,12.467
1085,12,48,6,2.5987,9.5741,1.725,7.7426
1601,19,207,8,1.876,11.239,1.8849,8.7379
1119,12,96,9,8.2063,22.567,7.3984,17.378
2102,28,33,5,3.846,18.66,4.9918,18.718
973,11,62,6,2.1249,8.8882,1.366,9.3513
2287,41,67,6,1.54,8.5326,1.5046,6.2236
610,7,100,6,11.256,27.425,11.415,27.3
105,2,51,6,2.0241,12.989,1.8933,10.402
968,11,57,6,3.8491,16.999,3.2675,16.865
607,7,97,6,6.9159,15.501,4.8303,14.895
2063,27,67,6,4.9819,13.593,4.1045,11.352
100,2,44,6,2.0241,12.989,1.8933,10.402
2128,28,64,6,2.4569,12.44,2.0173,9.7465
959,11,45,5,4.4077,13.357,3.6858,15.214
1911,25,47,6,2.1024,9.8773,1.4848,7.6683
1986,25,131,10,1.1853,7.0552,1.3197,6.8133
287,4,88,5,10.412,28.324,9.9038,30.591
601,7,91,6,11.256,27.425,11.415,27.3
993,11,84,6,3.8491,13.357,3.3006,14.632
2071,27,77,7,1.271,5.3965,0.35436,5.0716
910,10,147,8,6.3848,19.953,3.3772,14.325
95,2,39,6,1.1041,7.5553,0.30665,5.4415
5,1,18,4,4.9365,15.881,3.3607,12.74
2281,41,61,6,1.1013,17.012,1.4541,12.707
1407,18,101,7,1.9409,5.8674,1.105,7.6476
677,7,172,8,3.5652,14.309,2.4513,9.6606
2086,28,10,3,5.1003,19.696,7.197,15.678
263,4,62,7,11.307,47.585,12.392,36.995
764,8,81,6,1.4174,11.381,1.1262,7.274
343,4,157,8,3.0364,15.862,2.7965,11.877
1305,16,54,6,3.9469,10.583,2.1369,10.506
1366,18,56,6,5.5997,20.079,4.7171,15.062
1998,26,24,5,6.6248,23.164,6.4769,20.935
2182,28,126,6,1.5653,8.0237,1.1979,6.6098
653,7,146,7,2.7425,10.827,1.7672,9.3029
218,3,77,7,2.1895,8.8517,1.229,7.7347
1137,13,23,5,2.8362,11.619,2.3906,12.285
262,4,60,5,1.3936,7.9874,0.80424,6.7412
1960,25,103,8,0.82546,6.3214,0.9669,6.6655
1083,12,46,6,2.0242,9.5741,2.2469,8.6498
1415,18,110,6,3.1679,12.27,1.994,11.647
982,11,71,6,3.0477,9.9567,1.1503,10.222
1491,19,44,5,6.1987,22.478,5.9997,17.371
440,5,83,7,2.328,13.883,0.90519,9.8611
2330,41,120,8,4.3066,14.326,3.9565,11.398
1244,13,151,9,2.4906,9.8193,1.1521,8.2936
2362,41,168,10,1.531,8.6669,1.217,6.9982
1436,18,134,8,5.3431,20.079,4.8205,14.987
1210,13,110,7,1.7756,8.4608,0.60014,5.885
173,3,21,5,4.6135,20.331,3.6496,18.118
347,4,161,7,3.3083,16.995,5.2752,15.984
1937,25,74,7,5.0727,15.521,3.656,12.129
220,3,79,9,3.1747,15.295,2.5449,15.355
658,7,151,8,1.9913,7.5478,1.3089,7.9374
362,4,178,10,2.8098,21.526,2.5814,17.503
1734,19,455,9,1.9366,9.5099,1.3225,7.7878
1065,12,26,5,6.5788,24.619,6.5015,16.703
2338,41,130,7,2.2473,8.8102,0.87968,6.9053
2046,27,46,5,1.1826,3.6837,0.90535,5.8397
233,4,20,5,9.4037,30.59,9.03,24.199
1662,19,326,9,5.801,19.884,5.9771,17.436
1399,18,92,7,2.3313,6.8267,0.93902,7.4171
377,4,198,9,1.7221,8.8145,0.71699,6.6431
354,4,170,8,5.0304,20.393,4.3886,18.087
821,10,48,6,6.7944,32.554,6.8997,22.587
2089,28,20,4,6.5931,22.806,6.0745,16.632
43,1,62,6,2.4352,13.235,1.6975,10.094
1360,18,49,6,4.038,16.732,3.7548,14.145
231,4,18,5,6.2653,21.526,7.3555,21.59
713,8,18,4,2.5555,13.45,2.8731,13.89
2327,41,115,6,1.2535,8.9535,1.1428,8.6393
936,11,19,5,7.9047,27.927,5.8342,19.738
810,10,35,5,2.7514,13.652,2.3255,10.678
847,10,75,7,2.2473,10.438,1.8821,10.204
1893,25,21,4,2.4058,11.288,2.7808,11.007
931,10,173,10,3.77,10.197,2.2175,12.743
1864,24,20,5,3.4865,11.325,4.0222,13.319
1891,25,18,4,18.343,46.564,17.393,32.741
2039,27,39,5,4.3362,10.875,3.2361,10.897
464,5,112,9,2.1358,13.883,1.9078,12.545
790,10,8,3,5.6077,30.454,6.7407,23.129
107,2,53,5,2.4679,11.907,1.4353,10.529
1975,25,120,9,2.6104,11.288,2.8637,9.3323
2146,28,87,7,2.2392,7.3291,1.4327,7.5385
1109,12,84,7,2.3183,9.5741,1.4859,8.5817
1683,19,361,9,5.1872,14.697,3.6624,15.741
1288,16,35,5,3.5278,11.131,2.6335,12.024
1968,25,111,9,3.3159,12.699,3.1546,10.265
1857,23,57,8,3.8384,10.323,2.3017,11.091
1139,13,27,5,1.8113,9.5929,1.6837,9.3394
814,10,40,5,1.4177,17.852,2.1278,14.654
900,10,136,6,1.5122,8.3486,0.79178,5.65
755,8,72,6,1.6244,10.346,1.8032,8.2715
1087,12,50,6,3.2825,13.677,3.1254,10.731
756,8,73,6,2.5865,16.554,1.4117,8.0378
1270,16,13,4,17.464,54.721,14.619,41.821
1746,19,485,13,1.3141,8.3514,1.1073,7.3929
2052,27,52,6,4.5741,22.429,5.2503,16.951
1201,13,97,7,3.5988,16.683,3.3736,13.071
166,3,8,3,8.1792,28.15,8.0278,31.233
2216,28,176,9,1.4617,6.9974,1.3597,9.9784
972,11,61,6,3.8613,12.057,1.9629,10.414
1840,23,36,5,8.6247,20.647,7.5537,18.86
796,10,16,4,2.2893,21.003,2.6298,15.203
1146,13,35,5,2.2046,11.917,2.0375,11.094
1063,12,24,5,3.7134,15.729,3.8566,12.921
259,4,57,5,7.5343,24.925,5.8682,22.894
1334,18,19,4,15.617,42.388,14.371,31.517
1493,19,48,5,8.6454,28.53,8.4103,25.832
1168,13,61,6,1.8828,7.6624,0.82645,7.7776
1359,18,48,6,3.2126,11.155,2.0793,9.4249
2072,27,78,7,2.7526,10.875,2.1743,8.011
1127,12,105,11,2.4893,4.2399,0.5956,4.3101
71,1,100,7,3.3483,13.235,3.6848,11.176
1484,19,36,5,10.374,31.123,10.994,25.145
2065,27,70,7,2.5147,12.234,1.335,7.9855
676,7,171,8,1.4786,6.8682,0.98971,8.073
374,4,194,9,1.3936,7.7835,4.1064,11.857
324,4,131,7,6.0047,26.058,4.9124,19.321
365,4,183,11,2.2999,18.128,2.8891,14.145
2021,27,14,3,3.541,10.875,6.0317,14.344
1569,19,168,8,9.5099,28.53,9.1451,22.386
1741,19,470,12,2.2564,10.374,2.445,9.5245
1364,18,53,6,1.2605,5.0643,0.83761,6.5015
145,2,94,7,0.95253,6.7327,0.52697,4.9307
765,8,82,7,1.0553,9.3219,0.73934,5.4046
1782,21,46,5,0.56133,5.1268,0.41573,4.0924
903,10,140,9,3.3289,15.752,3.1358,15.548
168,3,11,4,12.761,29.714,10.922,30.849
685,7,182,8,5.175,19.078,6.1622,18.065
1162,13,54,5,2.6574,15.492,2.8818,12.275
1810,21,91,8,7.3496,23.201,7.539,18.468
1988,25,134,10,1.5804,7.7607,1.4085,7.99
976,11,65,6,7.5283,24.285,5.1953,16.829
1150,13,40,5,3.1698,15.492,3.0535,12.522
1010,11,103,6,2.8899,14.571,2.342,12.709
2354,41,150,9,3.7157,13.43,5.6704,14.733
1283,16,30,5,3.5394,13.971,2.9536,22.941
1413,18,108,6,3.246,12.27,2.8418,10.345
1204,13,101,7,1.9067,14.3,1.8779,8.9858
1826,23,19,4,8.9344,24.401,7.0602,20.17
662,7,155,7,9.9445,34.579,8.8456,25.756
706,7,207,9,3.4937,13.116,2.2624,10.235
2261,41,41,4,5.8914,21.488,7.0134,17.458
809,10,34,5,1.1446,11.551,1.1343,8.3954
1182,13,75,6,2.2522,9.9623,0.97663,7.2189
149,2,103,6,2.8035,14.072,2.6414,11.15
510,6,61,7,17.588,37.521,15.187,34.484
699,7,197,9,1.8482,5.5446,1.1192,7.4879
2358,41,157,7,1.6832,8.9355,1.4276,6.8693
1951,25,94,7,3.0126,14.816,2.7751,10.678
33,1,51,6,8.2848,22.499,5.8186,16.183
1229,13,136,8,2.431,9.5333,0.71024,8.7361
486,6,32,5,3.8459,9.9549,2.3906,11.339
1028,11,125,8,13.357,24.285,10.074,25.08
2126,28,62,6,6.7797,20.733,6.3818,19.049
1437,18,135,8,10.307,25.656,9.7125,23.099
1040,11,143,9,9.556,21.856,6.8995,18.777
1234,13,141,8,7.2572,27.408,7.4056,20.661
341,4,155,7,2.2999,11.33,2.9346,13.693
360,4,176,10,7.8515,26.058,9.3688,25.91
51,1,71,6,2.3955,11.461,2.7974,16.088
789,8,118,10,1.4485,8.7529,1.2497,7.8538
10,1,25,5,3.8645,15.881,3.7856,16.936
1575,19,175,8,1.2622,6.4322,0.81818,5.5285
492,6,40,6,3.0017,8.1492,2.9012,14.429
832,10,60,6,4.4316,28.354,4.8653,22.276
52,1,72,6,3.0837,15.881,2.3756,12.176
2048,27,48,5,2.9089,8.8355,1.8626,7.1584
544,7,23,5,6.8324,19.078,5.8291,16.934
1019,11,116,7,8.6575,20.642,7.8726,29.208
208,3,65,7,12.714,35.97,13.185,31.156
2318,41,101,8,1.2983,7.4135,0.98512,6.2786
822,10,49,6,2.0478,9.9553,1.0942,8.3517
1029,11,126,8,8.2568,20.642,7.7855,20.983
1322,17,31,6,2.2311,15.416,2.0189,15.196
1374,18,66,6,3.2126,10.608,2.072,11.179
418,5,44,6,5.6171,23.494,6.0779,21.506
615,7,105,6,6.3077,17.886,6.8404,17.619
1004,11,97,7,11.499,30.356,11.129,25.993
1559,19,154,7,13.833,38.904,11.788,31.824
507,6,58,7,2.0754,8.5947,1.2472,7.7205
885,10,120,8,4.2425,15.752,3.1543,12.978
1883,24,47,6,7.8709,18.605,6.1748,20.59
740,8,53,5,2.2762,16.554,2.1561,10.933
1607,19,216,8,9.5099,29.394,8.685,19.509
2077,27,83,8,1.8419,8.8355,1.3546,8.0972
575,7,61,5,15.501,44.118,13.268,36.746
1644,19,281,8,2.2046,10.374,1.6022,9.226
1948,25,91,7,2.2365,12.699,8.2448,19.516
255,4,50,4,7.8628,38.521,7.6155,29.102
205,3,61,6,3.9879,14.873,3.4597,15.137
1505,19,66,6,4.9711,21.613,5.2343,14.522
25,1,42,5,2.8851,12.877,2.3606,12.236
2057,27,59,6,2.3516,8.8355,1.5976,6.8205
444,5,88,7,3.1396,12.815,2.0597,10.297
1860,24,12,4,6.8274,21.032,6.659,18.087
1755,21,13,4,7.4843,29.937,7.3448,26.763
1620,19,243,8,6.631,20.749,5.9344,15.051
1545,19,135,7,13.833,39.769,9.305,23.413
2227,28,191,10,2.9752,9.8171,2.6583,13.129
1664,19,331,8,0.85589,9.5099,0.65761,9.4983
930,10,172,11,3.896,15.752,3.1418,14.662
98,2,42,6,1.4937,9.8717,0.46707,5.7445
2155,28,96,6,0.80859,7.6712,0.61407,6.8149
298,4,100,6,4.9964,23.792,3.7166,15.891
1175,13,68,6,2.0139,11.583,1.5511,10.856
2323,41,110,8,2.507,14.326,3.2085,11.588
136,2,83,5,1.2773,9.7851,1.0245,7.8366
760,8,77,6,1.645,14.485,1.8695,10.615
2156,28,97,7,5.8156,16.586,5.1421,14.031
1554,19,147,7,5.6973,21.613,5.0674,18.5
1198,13,94,6,3.4439,13.108,2.9852,12.045
1703,19,397,10,3.2334,11.239,3.1736,12.569
852,10,81,7,1.7852,10.501,0.77897,6.9206
387,4,214,10,2.0847,14.729,2.5538,10.172
1011,11,104,7,15.785,37.641,16.857,36.81
1720,19,428,10,1.1325,7.0892,0.5159,5.0911
432,5,70,6,1.997,14.951,2.5169,11.673
1926,25,62,6,10.583,32.454,11.528,24.582
1088,12,51,6,4.1237,15.729,4.2497,13.52
1692,19,375,10,1.1325,6.0172,0.58229,5.3613
636,7,128,7,2.3967,8.3706,1.3932,9.1697
2092,28,23,4,5.0381,20.733,4.7452,16.881
54,1,74,6,3.3086,10.985,3.0206,12.486
1380,18,72,6,5.4435,14.501,3.9698,13.812
1946,25,87,7,2.2647,10.583,1.9917,8.1606
1140,13,28,5,5.1837,27.408,5.3459,21.219
723,8,32,5,2.4624,14.485,3.3656,12.706
2153,28,94,6,3.7942,20.733,4.5085,17.101
1067,12,29,5,6.7018,21.884,7.5075,19.643
59,1,81,7,1.3367,11.223,0.88658,9.9729
1059,12,19,4,4.1647,15.729,3.4774,11.847
1825,23,18,4,9.0282,20.647,8.1377,20.375
1636,19,268,9,1.098,10.374,0.78643,6.5804
1258,13,170,10,2.4667,11.797,1.0904,8.364
219,3,78,7,5.2391,20.331,4.6154,18.567
473,6,15,4,3.7639,11.655,2.8186,12.922
2099,28,30,5,4.4369,18.66,4.2841,14.92
1094,12,58,6,1.7986,8.2063,1.2678,6.0727
1208,13,107,7,4.5402,13.108,3.8406,15.661
853,10,82,7,3.623,16.802,4.0119,15.754
482,6,27,5,6.8476,19.933,8.1791,22.129
1813,21,95,9,1.1451,7.2448,0.91591,5.6034
2125,28,60,6,2.7782,8.2518,2.2929,9.339
1058,12,18,4,2.2226,8.8902,1.702,7.0451
2163,28,107,6,1.2544,7.4432,0.78828,6.6969
1183,13,77,7,2.9077,9.7836,1.3751,10.269
169,3,12,4,5.8959,23.458,6.4772,26.557
489,6,37,5,4.4791,16.416,5.4396,17.97
1811,21,92,8,0.82328,7.4843,0.57309,4.6187
1522,19,95,7,2.8962,16.426,1.7345,8.9553
1398,18,91,7,1.9521,7.4737,1.0598,7.4795
889,10,124,9,2.5203,21.003,1.9312,14.219
1587,19,187,8,2.5936,18.155,2.4843,10.854
1156,13,46,6,2.2284,8.0199,1.0382,6.9495
1312,17,16,4,5.7204,30.195,4.6384,29.879
886,10,121,9,2.9194,10.438,2.0001,11.811
1476,19,19,4,11.239,31.123,10.525,25.772
884,10,117,8,2.1318,19.953,2.0319,16.682
381,4,205,11,2.2999,18.128,2.7303,15.88
1663,19,330,8,0.78673,7.582,0.53857,7.0547
433,5,72,6,1.1426,8.4257,2.2836,12.332
2350,41,143,8,0.82372,5.9988,0.56227,6.0389
1412,18,107,7,2.3202,9.95,0.8375,6.5303
2356,41,155,10,5.4974,14.326,3.7185,12.479
1468,18,171,9,3.1791,10.43,2.4739,9.9657
1759,21,19,4,2.7168,12.723,2.4145,11.77
711,8,16,4,0.88977,8.5253,0.53625,5.7685
1902,25,36,5,9.8773,27.515,7.8638,18.799
1444,18,142,8,1.2159,5.4547,0.91002,5.2948
858,10,89,7,2.6358,12.602,1.7862,9.9535
1906,25,42,6,14.816,34.57,14.599,30.042
1243,13,150,8,1.5372,9.0328,0.87224,7.8069
143,2,92,8,2.0566,10.824,2.1826,13.86
14,1,29,5,4.6189,18.528,4.3712,17.431
2213,28,173,9,1.4306,7.4639,3.2753,11.98
1309,16,58,6,3.9469,10.583,2.1369,10.506
273,4,73,7,3.195,18.128,2.0872,10.823
1261,13,173,10,3.2532,13.108,1.0516,9.4298
239,4,32,6,6.7185,26.058,6.9312,22.228
1945,25,86,7,8.4662,23.988,8.0436,22.102
1303,16,52,6,2.2354,13.971,1.4433,10.633
991,11,82,6,16.999,42.498,17.624,37.924
695,7,192,7,4.6145,14.309,3.6894,13.115
690,7,187,8,5.0438,17.886,4.3621,13.488
201,3,57,6,3.5344,17.203,3.489,15.541
148,2,101,7,2.3922,10.824,0.86996,12.011
798,10,18,4,3.4444,25.203,3.7898,19.16
529,6,81,9,6.8359,19.933,5.946,17.194
2013,26,44,7,2.548,16.987,2.2981,12.134
583,7,70,6,4.7815,19.078,4.1271,14.409
966,11,55,6,2.3071,12.142,1.4645,9.0655
2357,41,156,7,2.3548,10.744,2.134,8.5933
1000,11,92,7,2.2828,9.2646,1.7501,8.8142
99,2,43,6,2.9225,16.236,3.6071,14.787
1142,13,30,5,6.0298,19.067,5.0222,16.5
1837,23,30,5,10.323,30.97,11.004,25.496
861,10,92,7,2.4363,10.029,1.6446,8.647
1315,17,20,5,3.3215,20.13,1.02,17.402
2212,28,172,9,4.1466,11.403,3.667,16.202
2067,27,72,7,4.9139,12.913,3.1645,9.7374
422,5,51,5,2.4028,12.815,2.8712,14.863
1700,19,390,10,1.2795,7.6339,0.80706,6.8715
1506,19,67,6,3.242,15.562,2.6531,10.991
75,1,104,10,2.1705,8.7348,1.7717,8.9228
549,7,32,5,3.1241,13.116,2.8198,11.454
26,1,43,5,2.1308,12.732,1.4805,10.353
998,11,90,7,13.357,30.356,11.55,27.926
1967,25,110,9,2.6104,11.288,2.8637,9.3323
2079,27,87,7,5.9538,15.632,1.6912,7.4072
38,1,57,6,1.4558,8.2187,1.3563,7.7463
2240,41,16,4,5.1482,17.907,5.4859,16.122
315,4,120,7,3.195,21.526,3.2179,13.932
932,10,174,10,1.7327,6.7209,0.72699,6.7736
1570,19,170,8,2.1354,9.5099,1.4539,7.7195
1338,18,23,5,9.7269,34.58,7.5175,21.353
499,6,49,6,5.382,12.898,2.6815,10.906
412,5,38,6,2.36,12.815,1.248,8.7731
180,3,31,5,6.3025,23.458,6.137,22.743
2047,27,47,5,12.234,27.866,11.116,22.184
2064,27,68,6,5.9538,15.632,4.2651,11.428
477,6,19,5,8.7823,23.451,7.9009,21.357
1186,13,80,7,13.108,39.325,7.2786,23.368
119,2,65,7,1.4505,5.8992,0.48666,6.0925
2137,28,77,6,3.7527,14.513,2.7109,10.852
2284,41,64,6,4.4499,23.279,1.8107,8.4583
1157,13,47,6,5.8868,22.642,5.6296,19.004
1259,13,171,10,1.5849,10.058,1.1225,8.0441
1659,19,320,9,5.1959,19.884,6.4878,16.038
2205,28,165,9,2.3117,9.9,1.4983,8.7519
1689,19,372,10,0.98557,5.4552,0.54206,5.5202
382,4,208,8,1.3029,7.387,2.1579,9.9058
0,1,8,3,9.7671,30.439,6.8638,19.231
370,4,190,9,2.0054,11.205,1.5885,9.9579
823,10,50,6,2.2158,12.602,1.8906,11.282
1036,11,135,8,2.9385,8.014,1.9309,9.6679
2088,28,12,4,7.0181,25.916,6.4686,19.574
1299,16,48,6,4.2729,13.971,3.502,13.313
1141,13,29,5,2.9315,15.492,1.99,12.661
577,7,63,6,3.6964,10.111,3.256,12.723
269,4,69,7,1.7334,6.6959,0.59027,5.7889
2152,28,93,7,1.1922,7.3291,0.79132,5.338
1950,25,93,7,8.4662,23.988,8.0436,22.102
1655,19,308,8,2.8703,12.968,1.9878,9.5087
1760,21,20,4,2.8964,15.717,3.0506,10.467
1357,18,46,6,2.1975,8.1987,1.2067,7.4622
2019,26,50,10,3.0885,11.288,2.2913,11.887
969,11,58,6,3.3513,12.142,1.4633,11.567
1013,11,106,7,9.3982,24.285,7.588,22.159
1538,19,120,7,1.4957,12.104,1.2819,8.0377
913,10,150,9,4.2846,10.501,2.5326,13.026
2131,28,68,6,6.7797,20.733,6.3818,19.049
368,4,188,8,2.164,12.463,3.431,15.373
543,7,22,5,4.9723,19.078,4.747,14.96
941,11,25,5,1.9185,10.625,1.1098,7.8368
824,10,51,6,2.5518,27.304,2.0725,19.877
1982,25,127,10,1.8908,9.1717,1.5361,7.0976
1775,21,38,5,1.8337,8.9812,1.4239,7.2831
1876,24,36,6,3.3085,12.134,2.9247,11.319
2202,28,160,8,5.8986,20.733,6.4886,19.37
1047,11,152,9,4.687,13.357,3.5003,14.179
1172,13,65,6,2.4548,10.117,0.72756,8.3581
1548,19,140,7,8.5503,28.53,9.7745,22.909
572,7,58,5,6.2243,20.271,6.9752,23.059
1820,23,13,4,8.7279,25.339,9.0919,24.367
2157,28,98,7,12.44,35.246,11.331,27.82
1961,25,104,8,4.8399,16.227,5.2234,13.95
1120,12,97,8,1.737,6.0317,1.7904,7.7339
40,1,59,6,1.7073,8.9466,1.2469,9.2757
2231,28,198,9,1.866,8.9463,1.361,8.3991
2170,28,114,7,5.1314,20.733,4.4189,14.622
1821,23,14,4,10.323,22.524,8.8682,22.4
943,11,27,5,5.6341,21.856,5.0911,18.108
1640,19,275,8,1.9711,12.104,1.5932,8.8243
128,2,74,5,9.2764,28.143,7.9522,19.981
1829,23,22,5,6.7758,17.831,6.0259,17.58
155,2,112,7,2.2406,10.37,2.155,9.7928
834,10,62,6,2.6148,14.702,1.414,9.0473
1853,23,53,7,5.4338,15.954,4.5506,15.142
1370,18,61,6,2.7998,13.386,2.6517,12.474
688,7,185,8,6.6178,16.693,5.9022,16.212
2127,28,63,6,2.7782,8.2518,2.2929,9.339
267,4,66,7,3.7275,21.526,4.6269,9.463
526,6,78,9,12.898,28.141,11.758,24.262
496,6,46,6,3.0017,6.0738,2.5747,15.162
238,4,31,4,4.2373,19.261,3.9168,13.542
53,1,73,6,2.8322,11.091,2.4051,11.666
1110,12,85,7,1.6481,7.5225,1.6777,7.119
1863,24,17,4,8.0165,23.459,7.5494,18.688
178,3,28,5,2.7212,17.203,2.39,11.555
1610,19,224,8,6.631,20.749,5.9344,15.051
1089,12,52,6,2.0653,7.5225,1.7676,7.5207
1224,13,129,8,1.7517,10.999,1.2737,9.8391
270,4,70,7,2.7191,16.995,2.4334,10.868
501,6,52,6,15.243,35.176,14.757,30.486
2032,27,31,5,3.976,11.554,2.4121,10.014
1249,13,157,8,2.0735,9.7717,1.0769,8.4095
104,2,50,6,3.0849,14.072,1.9236,10.978
1247,13,154,8,2.7051,11.845,1.4177,10.127
1470,18,173,9,1.082,6.1909,0.58746,6.9766
1076,12,39,5,2.6671,10.258,2.0379,7.983
2232,28,200,11,1.7105,8.739,0.6633,6.8173
1614,19,237,8,4.6599,18.155,4.5565,14.152
310,4,114,6,1.4389,9.2111,1.3431,9.0019
1808,21,88,8,0.85322,5.2989,0.50315,3.7576
271,4,71,7,4.2373,22.659,2.9083,12.037
248,4,41,6,6.4806,26.058,7.1611,20.586
574,7,60,5,17.886,48.888,16.157,37.825
1062,12,23,4,6.8386,19.832,5.8917,15.86
808,10,30,5,1.6067,18.902,1.4935,14.831
2080,27,88,8,1.1622,6.0014,0.79676,5.1286
2011,26,42,10,1.7141,8.2463,1.2895,8.086
1131,13,14,4,1.7637,8.8302,0.84758,9.214
592,7,80,5,10.278,32.195,10.286,30.795
164,2,125,11,1.0283,5.7477,0.63777,5.484
150,2,104,6,3.6045,15.154,2.2033,11.979
548,7,31,5,1.6932,6.7966,0.93778,7.3275
588,7,75,6,3.7083,13.116,3.439,12.128
1695,19,383,10,5.6973,14.697,5.1422,15.809
722,8,31,5,0.9415,8.7529,0.61389,5.8924
19,1,35,5,3.9704,18.528,4.14,15.466
395,5,12,4,2.3173,11.747,2.4909,17.101
1472,18,176,10,2.3648,7.1837,1.4362,8.1056
686,7,183,8,2.1821,10.517,1.4466,7.2751
327,4,134,7,10.752,27.191,9.4685,26.206
591,7,78,5,17.886,48.888,16.641,36.628
1432,18,130,7,2.1529,12.27,1.1658,11.698
565,7,51,6,4.5549,19.078,3.0797,10.514
2129,28,65,6,1.7727,7.5779,1.7956,8.9304
1531,19,106,7,3.8472,12.104,3.0472,9.8579
1668,19,337,9,5.1699,18.155,4.6951,13.895
1313,17,17,5,2.0466,23.485,2.7103,19.518
386,4,213,10,1.5522,8.5313,0.70095,5.894
1264,16,7,3,17.464,54.721,9.1367,32.799
1298,16,47,6,2.771,8.604,2.2363,9.5735
1849,23,49,6,2.3837,6.9448,1.8621,10.109
1499,19,57,6,3.2334,15.562,3.2971,11.8
1205,13,102,7,1.6564,14.3,1.2808,9.192
1769,21,31,5,1.7888,12.723,1.8657,9.8166
1866,24,23,5,8.0893,24.268,6.7909,15.574
2242,41,18,4,8.2909,35.814,8.2921,26.569
1481,19,33,5,11.239,31.123,6.154,15.792
2352,41,146,10,1.531,8.6669,1.217,6.9982
2184,28,129,8,3.6905,13.477,3.4726,16.03
709,8,14,4,1.9554,9.6633,1.8006,8.3536
2243,41,19,3,10.744,31.337,10.915,24.926
2320,41,105,7,0.68942,7.4403,0.48862,4.588
1599,19,205,8,4.3227,17.291,3.7925,13.333
1330,18,12,4,8.3772,26.771,7.6528,18.796
1536,19,116,7,4.7117,17.291,5.037,16.652
1678,19,354,10,2.3083,12.104,2.6904,10.362
2277,41,57,6,3.3844,14.326,3.2768,11.148
1856,23,56,8,2.1304,8.1554,1.1737,7.9037
2333,41,123,6,5.6675,19.698,5.7845,16.245
2244,41,21,5,3.5724,14.326,3.6616,11.833
898,10,134,8,2.1108,13.652,2.3397,11.616
283,4,84,6,4.8038,24.925,7.3757,20.051
1529,19,103,7,2.706,13.833,1.8724,10.617
1973,25,116,8,1.2135,9.1717,0.81494,5.8972
1549,19,141,7,11.239,30.259,12.358,30.148
446,5,90,10,3.6095,20.29,4.5363,15.148
2038,27,38,5,2.841,12.234,2.4037,11.533
1846,23,45,6,1.5673,8.8687,1.7579,8.4362
27,1,44,5,2.2631,9.5554,1.4918,9.7656
820,10,47,5,3.2659,21.003,2.8713,14.773
569,7,55,6,2.0032,6.1647,1.3961,7.9374
2010,26,41,6,1.1582,8.864,0.91291,5.7917
82,2,22,5,3.6586,18.401,2.9028,15.202
1541,19,123,7,1.9279,9.5099,1.944,10.062
1072,12,35,5,4.2331,17.097,3.8407,11.865
1598,19,201,8,2.559,16.426,2.1554,8.8102
410,5,36,6,1.2067,9.6858,0.89006,6.7595
882,10,115,8,5.0932,19.953,4.7422,15.703
539,7,18,4,6.4151,22.655,6.133,16.461
2256,41,35,5,4.4499,23.279,3.5981,18.314
2068,27,73,7,4.5061,14.273,4.441,12.164
1355,18,44,6,5.2204,21.194,4.14,15.538
430,5,64,8,1.3349,7.0267,0.71345,12.013
922,10,164,9,0.99763,7.2039,0.92605,7.1434
319,4,124,7,2.7078,13.596,2.7684,13.212
1894,25,22,5,9.1717,29.632,8.8712,23.558
971,11,60,6,3.9341,13.357,2.8752,13.964
372,4,192,9,2.8551,10.752,1.6397,10.377
125,2,71,5,1.2773,9.7851,1.0245,7.8366
346,4,160,7,4.0107,21.526,4.2643,14.873
416,5,42,6,5.7346,19.222,5.4864,15.467
728,8,39,5,2.7314,19.658,3.2301,13.137
1698,19,387,10,4.9365,17.291,5.1119,16.898
681,7,176,8,3.0287,10.028,2.3385,9.2294
2012,26,43,7,9.1882,27.796,7.6313,23.284
1878,24,38,6,2.4511,9.7072,2.5104,8.3836
1666,19,334,9,4.2881,14.697,4.257,14.681
1310,16,60,8,1.9793,8.6157,1.2412,9.1129
528,6,80,9,6.5193,16.416,5.6898,15.536
920,10,160,9,2.5833,14.702,2.4268,12.167
21,1,37,5,5.0424,14.558,4.4375,16.886
1349,18,36,5,9.08,26.771,7.5824,21.005
899,10,135,6,0.56707,5.8073,0.5579,4.5562
1667,19,335,9,5.8616,22.478,5.2346,15.701
1977,25,122,9,4.3107,14.11,4.4475,11.732
1498,19,55,6,4.3573,17.291,3.7778,12.376
404,5,27,5,3.4493,19.222,3.0601,15.167
2255,41,34,5,3.841,17.012,3.204,12.284
736,8,49,5,4.1178,21.727,4.6068,15.877
776,8,100,7,1.5209,10.015,1.2884,8.7973
761,8,78,6,1.6244,10.346,1.8032,8.2715
511,6,62,7,11.725,31.659,12.892,31.506
1550,19,142,7,13.833,39.769,9.305,23.413
1952,25,95,8,4.8399,16.227,5.2234,13.95
1928,25,64,6,6.7236,19.049,2.0262,9.1567
1440,18,138,7,2.8556,14.501,3.1587,10.401
1200,13,96,7,4.0755,16.683,2.3456,10.959
1730,19,447,11,1.5648,7.046,1.4303,8.7934
2332,41,122,6,0.74314,5.8824,0.40022,4.3666
1908,25,44,6,2.5328,10.583,2.1806,10.478
530,6,82,10,2.0871,7.0001,2.1401,9.9351
1944,25,85,7,2.1871,9.1717,0.75773,6.9009
608,7,98,6,3.601,13.116,3.2867,12.084
1124,12,102,10,1.9558,6.8386,0.99441,6.4924
829,10,56,6,2.1843,18.902,2.1448,15.099
1847,23,46,6,2.1679,9.3848,1.325,7.0643
1285,16,32,5,4.1914,15.136,2.3431,12.348
939,11,22,5,6.7026,21.856,4.5415,17.458
66,1,91,9,2.0249,9.5156,5.3749,15.659
1092,12,56,6,1.5182,10.258,1.3166,7.613
775,8,99,7,2.0382,12.415,1.5659,9.2565
1195,13,90,6,2.7051,15.492,2.4376,10.655
2031,27,29,5,3.473,11.554,2.6854,10.144
773,8,95,7,1.7589,9.2909,1.3812,8.9875
1556,19,149,7,2.4985,12.104,2.7557,11.369
1187,13,81,7,3.3724,15.492,3.3293,13.739
1171,13,64,6,4.8024,19.067,4.3255,17.458
883,10,116,8,3.9695,26.253,4.2812,18.81
582,7,69,6,4.1734,15.501,3.0742,12.043
1983,25,128,9,2.0742,9.8773,1.3736,6.9606
2197,28,150,9,1.4306,7.4639,3.2753,11.98
320,4,125,7,3.1723,13.596,2.6097,14.455
2272,41,52,6,2.0772,16.116,1.6527,12.509
571,7,57,5,6.4389,20.271,5.7503,18.703
411,5,37,6,3.2678,9.9421,2.3385,11.06
2058,27,60,6,2.6303,10.195,1.9921,7.708
1373,18,65,6,3.7926,13.386,2.7147,12.035
2207,28,167,9,6.645,21.77,6.2273,17.984
161,2,122,8,1.7319,9.3197,1.0408,7.9103
344,4,158,7,1.3822,9.9475,1.5408,8.5566
497,6,47,6,6.6483,22.278,6.7664,19.483
2026,27,23,4,3.5954,8.8355,3.0127,8.8145
1009,11,102,6,2.3313,9.5318,0.72248,8.3805
878,10,111,7,4.7256,30.454,5.8608,22.912
984,11,73,6,3.6549,13.357,3.6604,15.079
1316,17,21,5,4.1099,18.453,3.24,15.782
1672,19,343,10,2.7579,14.697,2.7643,10.991
937,11,20,5,9.5075,27.927,9.4831,25.012
584,7,71,6,3.7083,13.116,3.439,12.128
2087,28,11,4,6.2199,23.843,6.3621,21.095
2074,27,80,7,0.97191,4.9411,0.36082,4.8177
30,1,47,5,6.1011,19.852,5.3965,17.081
1372,18,64,6,2.3202,9.5038,1.7527,9.4281
892,10,127,8,2.5413,13.652,1.1851,10.501
2286,41,66,6,1.1013,17.012,1.4541,12.707
1289,16,36,5,2.7011,10.735,2.6732,11.256
533,6,85,11,2.1809,10.412,1.717,7.412
1824,23,17,4,18.77,40.355,17.88,36.264
693,7,190,8,4.698,17.886,3.85,14.118
1197,13,93,7,1.3704,11.917,1.5411,10.765
2298,41,79,7,1.2535,5.8735,0.8789,5.934
2295,41,76,7,2.4174,10.744,1.4117,6.8168
901,10,138,9,2.9194,10.438,2.0001,11.811
296,4,98,6,3.5349,16.995,2.8669,16.006
831,10,58,6,6.4268,32.554,7.1055,23.073
818,10,44,5,1.7222,10.501,0.89612,8.939
1578,19,178,8,6.5618,22.478,7.1225,17.606
450,5,95,9,6.5462,22.426,4.2579,14.484
425,5,54,7,20.29,45.919,20.007,42.795
1320,17,27,5,2.4324,20.13,2.1668,16.629
495,6,45,6,6.2027,15.243,5.3292,17.641
1957,25,100,7,3.4711,9.1717,2.0472,9.2611
1070,12,33,5,2.6671,15.045,2.1489,10.369
80,2,15,4,4.0483,21.649,3.6459,21.953
860,10,91,7,1.3967,8.9367,1.1995,8.8193
1669,19,339,9,2.2997,8.6454,1.5879,7.9339
1844,23,43,6,1.9427,6.9917,1.3746,7.0867
503,6,54,6,4.8543,17.588,3.7504,13.537
139,2,87,8,1.4937,10.824,0.65818,6.8863
1443,18,141,8,1.1266,5.6889,0.89235,6.5219
1267,16,10,3,7.2186,27.943,8.0358,23.024
2343,41,136,9,2.5249,10.744,1.4786,7.2468
1617,19,240,8,5.2391,17.291,4.5084,13.22
680,7,175,8,4.2807,15.501,3.9163,14.202
1693,19,376,8,1.1758,8.6454,1.9209,8.5726
428,5,60,7,3.7697,12.815,2.1154,13.111
961,11,50,6,3.5091,18.214,3.3224,13.23
1871,24,29,5,4.8617,16.179,4.3666,14.093
367,4,185,8,1.8467,6.7525,2.7242,10.554
317,4,122,7,10.752,27.191,9.4685,26.206
60,1,83,8,2.8851,7.901,1.3254,8.5662
2159,28,103,7,7.1944,19.696,4.9686,15.458
867,10,98,7,1.3757,8.6531,0.64633,7.2132
1848,23,48,6,5.9594,15.954,4.2813,14.519
16,1,32,5,4.8836,21.175,4.3908,16.783
743,8,57,6,2.39,16.554,2.653,11.514
994,11,85,7,13.357,30.356,11.55,27.926
839,10,67,6,1.4597,8.2541,0.8812,9.2546
1367,18,58,6,4.54,15.617,3.6352,13.415
24,1,41,5,5.585,22.499,4.8472,19.775
1584,19,184,7,2.7319,12.104,1.9662,8.9785
1934,25,70,6,1.919,7.7607,1.7833,9.1724
1520,19,93,7,6.8212,22.478,7.054,17.476
826,10,53,6,2.8144,15.752,1.969,15.401
2138,28,79,7,2.1355,9.1744,1.4408,7.7313
965,11,54,6,3.8856,12.142,2.6337,11.696
2223,28,185,8,1.1403,8.3036,1.2882,12.537
242,4,35,6,1.4389,12.463,2.284,11.638
1095,12,60,6,1.5729,5.9633,0.66896,4.7712
1721,19,430,10,1.4697,9.5099,1.056,6.372
414,5,40,6,13.883,38.444,14.494,33.835
2117,28,52,6,0.82932,8.7597,0.53795,5.3657
2334,41,124,6,3.3665,14.326,2.9193,10.915
581,7,68,6,3.911,15.501,3.4331,15.672
782,8,110,8,0.78631,9.5185,1.7703,7.8687
2351,41,144,7,2.2294,11.639,2.1346,7.664
1113,12,89,11,2.4893,4.2399,0.5956,4.3101
2208,28,168,10,2.094,8.3762,1.0851,8.69
620,7,112,7,2.5279,7.834,1.4783,8.1478
536,7,15,4,7.4047,27.425,8.0145,22.85
2094,28,25,5,1.9282,8.625,1.7249,8.0136
357,4,173,7,3.2403,16.995,1.8212,9.3153
1405,18,99,6,3.1679,12.27,1.994,11.647
2025,27,21,4,3.7653,12.913,2.6771,10.579
970,11,59,6,2.6956,8.5725,1.6268,10.155
1712,19,413,10,2.9394,10.374,2.7999,13.422
1155,13,45,6,2.8719,13.108,2.7698,13.416
1214,13,116,7,2.5859,9.9027,2.4928,11.037
2104,28,37,5,5.6498,25.916,8.022,22.875
669,7,164,9,1.6693,9.0741,1.1915,7.0079
1812,21,94,9,1.7214,8.2328,0.96928,6.431
1651,19,304,8,2.2046,10.374,1.6022,9.226
672,7,167,8,3.7322,13.116,3.2171,10.536
923,10,165,10,2.0898,25.203,2.0933,20.154
349,4,164,6,1.8467,11.33,2.3582,10.373
1761,21,21,4,2.5522,12.723,2.1746,8.6629
541,7,20,5,7.7625,25.04,7.6679,21.727
445,5,89,9,1.3455,7.8917,1.0119,6.5037
1532,19,107,7,5.7665,22.478,5.2799,17.259
224,3,84,8,1.3762,8.0072,0.60694,7.4282
1508,19,74,6,1.7031,8.6454,1.248,7.8046
1297,16,46,6,4.1099,11.631,2.0568,13.279
1535,19,114,7,4.1844,17.291,3.9998,14.304
1516,19,85,6,4.6685,18.155,4.8301,15.2
2151,28,92,7,1.4202,8.5628,0.79801,6.0041
1180,13,73,5,2.5382,11.917,1.4621,9.2775
2186,28,135,8,1.3995,8.3347,0.85087,6.0159
1673,19,349,9,1.7723,10.374,1.049,7.3547
1715,19,421,11,1.4524,8.0056,1.0571,6.9167
1068,12,31,5,1.6618,6.0453,0.74078,5.1304
1417,18,112,7,1.8628,8.8123,1.3454,7.8983
793,10,12,4,3.2029,18.902,3.4371,14.518
1728,19,445,11,5.4293,19.884,6.6687,19.624
1336,18,21,5,9.7716,32.349,10.213,28.588
2373,41,183,11,1.9608,10.744,1.7499,7.2966
1332,18,14,4,3.1456,14.501,2.8953,13.786
1342,18,27,5,4.4954,14.501,2.5824,11.898
1606,19,214,8,6.2679,21.613,5.8955,16.103
2341,41,133,6,1.2356,8.8997,1.1187,6.6286
2121,28,56,6,2.799,13.477,2.457,9.2016
1979,25,124,9,3.2595,15.521,3.5675,11.648
1593,19,195,7,1.6945,9.5099,1.7696,7.9204
895,10,131,8,5.0932,19.953,4.7422,15.703
842,10,70,7,6.4688,23.103,5.8669,17.665
1794,21,64,6,1.437,8.2328,1.6586,7.7508
2154,28,95,7,2.6227,9.8275,2.2348,9.2633
214,3,73,8,7.7882,20.331,6.6843,21.749
708,8,13,4,1.8416,10.346,0.84913,7.9706
958,11,44,5,20.642,48.569,20.549,45.372
2181,28,125,8,3.4624,12.44,2.846,10.24
1682,19,360,9,2.9394,9.5099,2.3207,10.625
86,2,26,5,4.2648,18.401,3.4045,14.531
2203,28,161,7,0.97445,9.7445,0.81663,6.1342
1941,25,79,7,0.93128,6.8083,0.62777,4.4872
2191,28,143,8,2.2288,10.367,1.4736,7.9065
506,6,57,6,5.382,12.898,2.6815,10.906
2224,28,186,8,1.2129,9.361,1.3598,8.2115
455,5,103,7,2.029,9.7392,1.4779,9.2029
2210,28,170,9,1.5342,7.4432,0.72619,5.723
2245,41,22,5,6.536,21.488,7.3734,17.601
1002,11,95,6,4.0677,13.357,2.5941,12.034
284,4,85,6,2.4585,13.596,1.899,10.491
2043,27,43,5,1.502,6.7966,1.6409,8.0535
1872,24,30,5,7.5473,20.223,7.3028,19.344
2200,28,158,8,0.91226,6.6968,2.0525,10.585
2342,41,135,9,2.113,9.8488,1.1547,6.4819
1600,19,206,8,1.0634,5.533,2.1987,11.661
151,2,105,11,1.0283,5.7477,0.63777,5.484
2123,28,58,6,1.0056,10.284,1.3644,7.8196
827,10,54,6,1.6697,7.8445,0.86651,6.4772
2090,28,21,4,5.4735,21.77,5.183,15.932
1753,21,11,3,9.7296,31.434,8.9472,24.219
103,2,49,6,2.9225,16.236,3.6071,14.787
2112,28,47,5,3.4728,15.55,3.1382,11.517
637,7,129,7,2.7425,10.266,2.211,10.626
967,11,56,6,8.0747,27.927,8.7147,26.025
2299,41,80,7,1.0386,8.8281,1.1543,7.0932
2241,41,17,4,9.8488,34.918,9.4766,30.079
2035,27,34,5,2.841,10.875,2.1229,9.4824
257,4,54,5,5.5629,26.058,5.0039,17.372
2044,27,44,5,1.9982,7.4762,1.8105,7.0844
1302,16,51,6,3.097,11.643,2.0851,9.6939
876,10,109,8,1.2812,9.5247,1.2005,9.7709
554,7,38,5,3.6368,14.309,3.2475,11.906
1671,19,342,10,1.4784,9.5099,1.446,8.7101
140,2,89,7,1.2231,6.6461,0.90957,6.7047
812,10,37,5,2.1213,17.852,2.4714,13.122
2303,41,84,7,5.7571,23.279,5.0391,20.711
1992,26,14,4,8.1227,38.606,9.9793,29.524
1936,25,72,7,0.8819,8.4662,0.80894,5.5904
1953,25,96,7,3.7816,14.816,2.9731,11.052
2297,41,78,7,2.301,10.744,1.8563,9.0832
1981,25,126,9,4.6353,16.227,4.0197,12.488
2083,27,91,8,2.8002,10.195,2.1903,8.9582
2118,28,53,6,3.0167,11.403,2.0682,8.5753
1281,16,28,5,2.2121,9.1862,0.98837,7.7697
64,1,89,8,5.2144,14.558,4.0761,14.281
1492,19,45,5,17.291,41.498,16.714,33.026
1027,11,124,8,6.1562,19.428,4.6017,15.798
785,8,113,9,0.58973,7.0147,0.84191,6.2927
2310,41,92,7,1.6206,14.326,1.3149,12.712
1642,19,279,9,6.1036,20.749,2.6502,12.407
1523,19,96,7,1.7118,13.833,1.8318,8.6765
2100,28,31,5,4.5094,15.55,3.6633,12.32
1740,19,466,11,1.4524,8.0056,1.0571,6.9167
1189,13,84,7,2.9077,9.7836,1.3751,10.269
2360,41,159,6,1.2356,8.8997,1.1187,6.6286
1585,19,185,7,1.6945,9.5099,1.7696,7.9204
2317,41,100,8,1.4236,7.9507,1.303,6.2302
671,7,166,8,3.8872,11.924,2.5803,10.23
2325,41,113,8,4.7543,17.907,4.8724,14.435
1524,19,97,7,2.1959,15.562,2.2824,11.716
1932,25,68,6,1.3546,4.9034,0.50988,5.564
176,3,25,5,12.433,37.534,11.448,30.098
487,6,34,5,7.4456,18.761,5.8773,17.03
118,2,64,6,2.3272,17.319,2.0456,12.45
1082,12,45,6,2.7628,8.8902,2.2522,9.2648
586,7,73,6,2.1701,6.105,1.7639,9.8492
129,2,76,6,2.3272,17.319,2.0456,12.45
1090,12,54,6,4.5408,16.413,5.0477,14.075
1130,13,9,3,10.558,35.75,13.661,35.669
597,7,85,7,4.3522,14.309,3.3171,11.897
2280,41,60,6,1.2445,7.6642,1.3469,6.4959
1710,19,407,9,1.7031,8.4033,0.48707,5.3721
1084,12,47,6,1.6002,4.6639,0.40669,4.9014
359,4,175,9,2.8551,10.752,1.6397,10.377
2073,27,79,7,2.2429,8.1559,1.952,6.8012
290,4,91,6,0.82707,7.0811,0.56591,6.777
186,3,39,5,12.496,42.225,11.233,31.904
1954,25,97,7,1.3969,7.7607,1.2364,6.0163
1955,25,98,8,5.6653,18.343,6.0543,15.151
1868,24,25,5,5.1933,14.561,5.065,13.633
1733,19,453,10,1.9366,6.3889,0.41301,5.0884
448,5,92,9,3.5454,16.018,3.2006,13.862
1706,19,402,8,1.072,7.0373,1.0984,11.894
1803,21,80,7,2.3052,17.214,3.1928,10.859
78,2,11,4,6.2781,20.566,5.7037,16.713
1308,16,57,7,2.5032,6.4967,1.1935,7.8315
1268,16,11,3,11.352,40.75,11.242,32.488
1091,12,55,6,1.7986,8.2063,1.2678,6.0727
1910,25,46,6,1.538,11.994,1.5403,6.8695
1464,18,165,8,1.5728,10.742,1.2866,8.4908
1784,21,50,6,1.7813,10.478,1.6268,7.0948
2370,41,180,7,0.77895,6.5092,0.54405,4.5343
81,2,19,4,4.0483,21.649,3.6459,21.953
1233,13,140,8,3.7776,17.875,2.774,13.78
2347,41,140,9,3.9574,15.221,3.5996,11.589
1566,19,165,8,1.2622,6.4322,0.81818,5.5285
2040,27,40,5,4.0575,12.234,3.9291,11.411
115,2,61,7,1.4396,9.8392,0.96426,8.3228
819,10,46,5,2.0583,11.551,1.4174,10.219
147,2,98,7,0.99583,10.51,1.4605,8.709
807,10,29,5,1.9848,11.551,1.2828,9.2243
2142,28,83,7,1.1922,7.3291,0.79132,5.338
734,8,47,5,2.5969,14.485,3.386,14.831
908,10,145,9,2.4468,19.953,2.733,13.361
350,4,165,6,1.7901,12.463,1.5202,9.6417
1326,17,36,6,2.5163,25.163,1.9306,20.087
1707,19,403,11,2.1873,7.9624,1.7438,8.5863
657,7,150,8,3.2552,10.779,2.0077,8.9745
1519,19,92,7,17.291,41.498,16.692,32.613
2180,28,124,7,7.184,22.806,6.1607,18.993
1901,25,35,5,1.4534,9.1717,1.0971,7.1169
522,6,74,8,4.2094,16.416,3.2742,11.473
1446,18,144,7,1.7625,6.0236,0.54439,6.6754
1804,21,81,8,3.1883,14.969,3.2341,10.838
1369,18,60,6,4.8412,14.501,3.3685,13.299
915,10,152,9,0.86111,7.561,0.58526,5.051
20,1,36,5,10.932,30.439,8.8037,23.639
2262,41,42,6,5.0318,17.012,4.7552,13.958
647,7,139,7,7.5717,20.271,6.6372,17.807
306,4,110,8,3.3423,19.261,2.3333,9.9371
1507,19,72,6,15.562,44.956,15.532,28.389
1833,23,26,4,14.077,34.724,10.011,22.475
1215,13,118,8,3.2175,11.917,1.9881,10.512
1039,11,138,8,3.7156,11.742,2.0904,9.9467
1704,19,399,10,1.8933,9.5099,1.4393,6.9634
854,10,83,7,5.7442,29.404,5.8344,22.962
928,10,170,10,9.1152,26.253,6.9403,22.423
1324,17,33,7,2.5666,23.485,2.8718,20.028
2062,27,66,7,1.203,6.5927,1.1903,5.6275
1885,25,12,4,7.7607,32.454,8.7767,23.299
7,1,22,4,5.8894,19.852,5.8599,18.861
2305,41,86,6,5.2467,17.012,4.938,13.85
1742,19,473,12,5.8356,16.426,5.945,16.81
1104,12,77,6,4.9648,19.148,4.8979,14.341
1368,18,59,6,2.2086,9.2473,1.198,7.9665
614,7,104,6,2.6471,11.423,1.9477,8.7041
1862,24,16,4,6.5038,20.223,6.4607,17.148
167,3,10,3,9.2583,31.278,10.712,32.463
715,8,20,4,8.2356,27.935,9.2492,26.892
1495,19,52,6,5.2737,28.53,5.5719,18.203
1711,19,408,10,2.2478,6.1469,1.3754,9.7994
249,4,42,6,3.2969,14.729,4.3543,17.561
8,1,23,4,17.205,39.704,18.252,43.12
1030,11,127,8,8.7546,20.642,6.5658,17.913
1790,21,60,6,1.0852,6.4291,0.67247,5.522
1467,18,169,9,2.0079,10.062,1.4389,8.4003
2377,41,193,8,1.6027,7.6821,1.5183,4.8112
949,11,33,5,6.2169,25.499,5.1679,16.95
2053,27,53,6,3.5206,11.554,2.2289,8.1795
2069,27,74,7,1.203,6.5927,1.1903,5.6275
1685,19,368,11,1.5475,6.3544,1.0202,12.552
2018,26,49,9,4.0459,15.412,3.0366,12.475
777,8,103,8,3.3522,17.589,4.7387,16.91
524,6,76,9,1.8995,7.2228,1.1191,7.5273
562,7,48,6,2.1701,8.6687,1.2763,7.2097
1066,12,27,5,3.7134,12.993,3.8929,12.846
567,7,53,6,2.5159,8.9906,2.1098,9.4277
1987,25,133,10,1.8908,9.1717,1.5361,7.0976
2120,28,55,6,1.9904,11.403,1.9428,8.4383
335,4,143,9,2.0507,21.526,2.1638,13.753
2076,27,82,8,2.6439,9.5152,1.6345,7.9917
1887,25,14,4,6.9141,24.693,7.4216,21.475
960,11,49,6,4.9662,16.999,4.5639,17.286
193,3,48,6,6.7873,18.767,6.142,23.996
402,5,24,5,4.4318,25.629,5.0697,19.77
1897,25,28,5,3.2172,12.699,3.828,12.133
2259,41,38,5,2.7666,11.639,2.7525,8.924
1485,19,37,5,8.6454,28.53,8.6079,22.227
253,4,46,5,9.8002,29.457,8.9422,31.789
890,10,125,9,1.9638,10.291,1.3783,12.074
667,7,160,8,2.2894,10.314,2.9286,10.544
2110,28,45,5,3.0996,9.9104,2.0343,9.3771
1263,13,175,11,3.4439,13.108,1.7429,9.2136
707,7,210,10,3.0287,9.9088,1.8511,9.3976
1696,19,384,10,2.438,13.833,2.1358,9.389
879,10,112,7,2.3628,22.053,2.5493,15.984
1739,19,465,11,1.4351,12.104,1.5677,8.963
726,8,36,5,3.9626,15.519,0.89048,6.3412
394,5,11,4,1.3669,9.5577,1.6716,13.223
2168,28,112,7,7.1944,19.696,4.9686,15.458
981,11,70,6,7.5283,24.285,5.1953,16.829
1445,18,143,7,3.1233,10.519,2.3528,9.5879
1295,16,44,6,3.8188,15.136,2.4926,12.845
1103,12,75,7,2.5029,8.8902,1.4308,6.9944
2041,27,41,5,4.3566,11.554,3.6966,13.927
1483,19,35,5,12.104,34.582,11.885,27.151
1547,19,139,7,8.1267,24.207,6.787,19.834
2007,26,37,6,3.2275,13.914,1.9784,10.325
146,2,95,7,2.2406,10.37,2.155,9.7928
479,6,21,5,4.8309,14.07,4.2523,14.92
1915,25,51,6,1.5733,7.7607,0.74586,5.7578
1154,13,44,6,2.4072,11.202,1.2799,8.3878
1917,25,53,6,3.2454,13.405,2.514,8.8869
230,4,17,5,6.4693,37.388,8.37,35.336
1834,23,27,5,2.6653,8.9813,1.4186,7.8996
297,4,99,6,4.5885,33.989,4.5235,22.737
2130,28,66,6,3.0063,12.44,1.6319,7.9834
316,4,121,7,2.6851,19.261,2.5475,14.767
1450,18,150,7,1.6286,6.7709,1.1874,8.3946
1552,19,145,7,0.89047,6.6656,0.62105,6.0161
1816,21,98,9,4.6104,16.466,4.7251,12.443
1921,25,57,6,1.5804,6.3497,0.886,5.8225
2114,28,49,5,4.4369,18.66,4.4334,15.03
792,10,11,4,3.3604,21.003,3.3541,15.871
2267,41,47,6,1.0386,8.8281,2.0918,13.855
1650,19,303,9,1.5043,8.6454,1.2137,6.177
702,7,202,9,3.1241,11.34,2.1319,9.6727
245,4,38,6,2.5152,12.463,1.9095,8.631
1592,19,194,7,2.7319,12.104,1.9662,8.9785
1144,13,33,5,3.1341,19.067,3.4645,14.757
429,5,63,7,7.3044,24.562,7.4102,21.884
950,11,34,5,11.875,30.356,8.7226,24.109
938,11,21,5,7.7104,25.499,6.2184,17.888
1708,19,404,10,2.7665,9.5099,1.767,7.3715
1922,25,58,6,2.3635,10.583,1.8469,9.3197
780,8,108,8,1.8002,12.415,1.619,9.2086
1192,13,87,6,3.8372,14.3,2.1881,10.733
1756,21,14,4,4.1763,17.214,4.2882,15.165
1993,26,15,4,9.5589,27.796,8.2354,23.295
1797,21,71,7,1.1077,5.9276,0.89086,6.1353
1938,25,75,7,4.219,16.227,3.7772,13.669
752,8,69,6,0.9415,9.115,1.0187,8.7301
1618,19,241,8,13.833,39.769,12.768,28.324
896,10,132,8,3.2239,15.752,3.1958,14.808
232,4,19,5,7.0811,21.526,7.464,19.579
617,7,108,7,1.8959,8.454,0.97495,8.5285
512,6,63,8,10.553,26.968,10.983,25.312
2304,41,85,7,9.8488,25.965,9.2138,21.621
1714,19,420,11,1.4351,12.104,1.5677,8.963
1978,25,123,9,1.5945,8.4662,0.88575,7.2705
114,2,60,7,1.9375,15.154,1.7654,11.187
1358,18,47,6,4.038,16.732,3.7548,14.145
1572,19,172,8,9.5099,25.936,8.5906,20.26
2189,28,140,8,1.13,7.9097,1.5735,8.2101
1238,13,145,7,1.5134,9.5929,1.0644,8.0435
1003,11,96,6,2.3313,9.5318,0.72248,8.3805
209,3,67,7,2.5804,12.105,2.2076,12.816
465,5,113,11,1.5591,10.679,0.93147,8.378
89,2,31,5,3.5179,18.401,6.2721,18.15
697,7,195,9,2.8498,7.9175,1.9998,9.2258
919,10,157,9,0.81911,5.7547,0.77805,5.2045
490,6,38,5,1.9347,10.037,1.4168,8.1672
1474,19,11,3,15.562,49.279,17.328,35.164
112,2,58,5,11.907,38.967,11.311,29.345
325,4,132,7,2.5379,18.128,1.7475,11.42
407,5,33,6,2.5629,11.747,2.1002,10.739
1397,18,90,7,1.1266,8.1876,1.0218,7.7991
1012,11,105,7,11.499,30.356,11.129,25.993
687,7,184,8,4.1018,13.116,3.2665,12.243
841,10,69,6,2.9089,12.602,2.174,10.858
553,7,37,5,8.9429,32.195,8.1367,26.922
1553,19,146,7,1.8069,6.1382,1.373,9.0814
1591,19,193,7,0.86454,6.6569,1.103,6.4632
292,4,93,6,6.8205,46.452,5.723,24.976
1802,21,78,7,3.6973,17.962,4.1707,13.58
1930,25,66,6,5.6794,17.638,5.7224,15.288
927,10,169,10,3.4234,15.752,1.3479,10.079
862,10,93,7,3.0874,12.602,2.8078,13.082
475,6,17,4,4.9598,16.416,5.2158,15.606
2005,26,33,6,2.3936,10.161,1.8304,10.889
2175,28,119,8,1.5861,9.8378,1.7537,9.3076
1414,18,109,6,2.3202,7.8306,2.0245,10.885
467,6,7,3,14.07,37.521,13.462,31.724
137,2,85,6,2.9875,12.989,2.7914,12.937
2165,28,109,7,5.8156,16.586,5.1421,14.031
391,4,226,9,1.9487,10.287,1.4946,7.9361
1718,19,426,11,2.0576,8.4465,1.4688,7.6833
1159,13,49,6,13.108,39.325,10.206,28.463
108,2,54,5,2.8035,11.907,1.7372,9.8725
92,2,34,4,2.3164,11.907,2.3042,13.904
240,4,33,6,5.4043,16.995,4.7895,17.945
406,5,32,6,10.412,29.901,10.954,28.522
2367,41,175,10,5.4974,14.326,3.7185,12.479
399,5,21,4,1.73,16.018,2.2811,12.646
1018,11,114,7,5.0512,16.999,3.6167,17.775
1845,23,44,6,1.1731,6.072,1.2589,8.0798
745,8,59,6,2.3486,12.415,2.1489,10.2
1135,13,21,5,4.0993,21.45,5.0749,17.539
1793,21,63,6,1.8636,11.227,1.3419,7.4983
1161,13,53,6,1.2036,9.2473,1.2272,7.942
2315,41,98,7,1.9966,7.0106,1.6662,7.6166
603,7,93,6,2.6471,11.423,1.9477,8.7041
1786,21,52,6,3.7422,17.214,4.5036,14.906
9,1,24,5,11.871,27.793,10.846,26.34
1735,19,457,11,1.2795,8.1785,0.8379,6.5583
1674,19,350,8,1.7377,11.239,1.3681,8.1724
942,11,26,5,5.0755,13.357,4.0517,15.598
207,3,63,7,2.5804,12.105,2.2076,12.816
1331,18,13,4,6.3805,22.31,5.3317,16.47
1350,18,37,5,4.0603,15.617,3.3096,14.113
1501,19,62,6,2.17,12.968,2.2991,8.9175
57,1,77,7,2.0249,11.527,1.1448,8.9306
1294,16,43,6,2.7128,8.8602,1.3252,10.241
1861,24,15,4,11.325,26.695,10.056,23.703
45,1,64,6,10.932,30.439,3.39,14.622
1581,19,181,8,1.7896,10.374,1.3202,6.8591
2248,41,25,5,6.151,17.012,5.0221,13.944
609,7,99,6,2.8617,15.501,3.1909,13.809
934,11,14,4,8.9004,27.927,8.6381,23.699
423,5,52,7,6.2472,20.29,6.1155,19.183
1132,13,16,4,3.6584,19.067,4.1459,14.033
2230,28,196,9,3.9186,19.696,2.9494,15.328
2316,41,99,7,2.6234,10.744,1.8789,8.7268
843,10,71,7,2.6463,15.752,2.3561,10.92
918,10,156,10,1.7327,6.7209,0.72699,6.7736
90,2,32,5,4.0483,18.401,3.3972,17.07
1008,11,101,7,3.3756,15.785,2.4554,12.355
2166,28,110,8,1.6586,6.873,0.9483,6.992
1903,25,38,5,6.7236,19.755,6.8771,17.845
1007,11,100,7,3.3756,10.552,2.1426,9.8867
389,4,220,13,1.6881,9.2904,1.0409,6.6343
963,11,52,6,5.2576,19.428,4.2385,15.629
613,7,103,6,13.116,33.387,11.591,30.681
1958,25,101,7,1.792,7.7607,1.4751,8.0006
1633,19,262,8,1.8328,8.6454,1.2303,7.7629
1995,26,17,4,8.864,27.796,5.7629,21.438
1079,12,42,5,1.8396,10.942,2.3952,8.8147
803,10,25,5,1.3232,9.8188,1.1705,8.6552
215,3,74,7,3.8159,17.203,3.5458,13.916
1276,16,22,4,4.9366,17.464,7.2896,20.911
500,6,50,6,7.8677,21.106,6.2883,17.723
